id,shoe_type,lighting,location,motion,weather,mood
scn_001,sneaker,ánh vàng xiên,đường phố sáng sớm,orbit chậm,sương nhẹ,năng động
scn_002,runner,ánh vàng xiên,đường phố sáng sớm,orbit chậm,sương nhẹ,mạnh mẽ
scn_003,leather,ánh vàng xiên,đường phố sáng sớm,orbit chậm,sương nhẹ,lãng mạn
scn_004,casual,ánh vàng xiên,đường phố sáng sớm,orbit chậm,gió nhẹ,năng động
scn_005,sandals,ánh vàng xiên,đường phố sáng sớm,orbit chậm,gió nhẹ,mạnh mẽ
scn_006,sneaker,ánh vàng xiên,đường phố sáng sớm,orbit chậm,gió nhẹ,lãng mạn
scn_007,runner,ánh vàng xiên,đường phố sáng sớm,orbit chậm,nắng dịu,năng động
scn_008,leather,ánh vàng xiên,đường phố sáng sớm,orbit chậm,nắng dịu,mạnh mẽ
scn_009,casual,ánh vàng xiên,đường phố sáng sớm,orbit chậm,nắng dịu,lãng mạn
scn_010,sandals,ánh vàng xiên,đường phố sáng sớm,tracking nhanh,sương nhẹ,năng động
scn_011,sneaker,ánh vàng xiên,đường phố sáng sớm,tracking nhanh,sương nhẹ,mạnh mẽ
scn_012,runner,ánh vàng xiên,đường phố sáng sớm,tracking nhanh,sương nhẹ,lãng mạn
scn_013,leather,ánh vàng xiên,đường phố sáng sớm,tracking nhanh,gió nhẹ,năng động
scn_014,casual,ánh vàng xiên,đường phố sáng sớm,tracking nhanh,gió nhẹ,mạnh mẽ
scn_015,sandals,ánh vàng xiên,đường phố sáng sớm,tracking nhanh,gió nhẹ,lãng mạn
scn_016,sneaker,ánh vàng xiên,đường phố sáng sớm,tracking nhanh,nắng dịu,năng động
scn_017,runner,ánh vàng xiên,đường phố sáng sớm,tracking nhanh,nắng dịu,mạnh mẽ
scn_018,leather,ánh vàng xiên,đường phố sáng sớm,tracking nhanh,nắng dịu,lãng mạn
scn_019,casual,ánh vàng xiên,đường phố sáng sớm,crane xuống,sương nhẹ,năng động
scn_020,sandals,ánh vàng xiên,đường phố sáng sớm,crane xuống,sương nhẹ,mạnh mẽ
scn_021,sneaker,ánh vàng xiên,đường phố sáng sớm,crane xuống,sương nhẹ,lãng mạn
scn_022,runner,ánh vàng xiên,đường phố sáng sớm,crane xuống,gió nhẹ,năng động
scn_023,leather,ánh vàng xiên,đường phố sáng sớm,crane xuống,gió nhẹ,mạnh mẽ
scn_024,casual,ánh vàng xiên,đường phố sáng sớm,crane xuống,gió nhẹ,lãng mạn
scn_025,sandals,ánh vàng xiên,đường phố sáng sớm,crane xuống,nắng dịu,năng động
scn_026,sneaker,ánh vàng xiên,đường phố sáng sớm,crane xuống,nắng dịu,mạnh mẽ
scn_027,runner,ánh vàng xiên,đường phố sáng sớm,crane xuống,nắng dịu,lãng mạn
scn_028,leather,ánh vàng xiên,đường phố sáng sớm,pan ngang,sương nhẹ,năng động
scn_029,casual,ánh vàng xiên,đường phố sáng sớm,pan ngang,sương nhẹ,mạnh mẽ
scn_030,sandals,ánh vàng xiên,đường phố sáng sớm,pan ngang,sương nhẹ,lãng mạn
scn_031,sneaker,ánh vàng xiên,đường phố sáng sớm,pan ngang,gió nhẹ,năng động
scn_032,runner,ánh vàng xiên,đường phố sáng sớm,pan ngang,gió nhẹ,mạnh mẽ
scn_033,leather,ánh vàng xiên,đường phố sáng sớm,pan ngang,gió nhẹ,lãng mạn
scn_034,casual,ánh vàng xiên,đường phố sáng sớm,pan ngang,nắng dịu,năng động
scn_035,sandals,ánh vàng xiên,đường phố sáng sớm,pan ngang,nắng dịu,mạnh mẽ
scn_036,sneaker,ánh vàng xiên,đường phố sáng sớm,pan ngang,nắng dịu,lãng mạn
scn_037,runner,ánh vàng xiên,đường phố sáng sớm,wide dolly,sương nhẹ,năng động
scn_038,leather,ánh vàng xiên,đường phố sáng sớm,wide dolly,sương nhẹ,mạnh mẽ
scn_039,casual,ánh vàng xiên,đường phố sáng sớm,wide dolly,sương nhẹ,lãng mạn
scn_040,sandals,ánh vàng xiên,đường phố sáng sớm,wide dolly,gió nhẹ,năng động
scn_041,sneaker,ánh vàng xiên,đường phố sáng sớm,wide dolly,gió nhẹ,mạnh mẽ
scn_042,runner,ánh vàng xiên,đường phố sáng sớm,wide dolly,gió nhẹ,lãng mạn
scn_043,leather,ánh vàng xiên,đường phố sáng sớm,wide dolly,nắng dịu,năng động
scn_044,casual,ánh vàng xiên,đường phố sáng sớm,wide dolly,nắng dịu,mạnh mẽ
scn_045,sandals,ánh vàng xiên,đường phố sáng sớm,wide dolly,nắng dịu,lãng mạn
scn_046,sneaker,ánh vàng xiên,sân tập,orbit chậm,sương nhẹ,năng động
scn_047,runner,ánh vàng xiên,sân tập,orbit chậm,sương nhẹ,mạnh mẽ
scn_048,leather,ánh vàng xiên,sân tập,orbit chậm,sương nhẹ,lãng mạn
scn_049,casual,ánh vàng xiên,sân tập,orbit chậm,gió nhẹ,năng động
scn_050,sandals,ánh vàng xiên,sân tập,orbit chậm,gió nhẹ,mạnh mẽ
scn_051,sneaker,ánh vàng xiên,sân tập,orbit chậm,gió nhẹ,lãng mạn
scn_052,runner,ánh vàng xiên,sân tập,orbit chậm,nắng dịu,năng động
scn_053,leather,ánh vàng xiên,sân tập,orbit chậm,nắng dịu,mạnh mẽ
scn_054,casual,ánh vàng xiên,sân tập,orbit chậm,nắng dịu,lãng mạn
scn_055,sandals,ánh vàng xiên,sân tập,tracking nhanh,sương nhẹ,năng động
scn_056,sneaker,ánh vàng xiên,sân tập,tracking nhanh,sương nhẹ,mạnh mẽ
scn_057,runner,ánh vàng xiên,sân tập,tracking nhanh,sương nhẹ,lãng mạn
scn_058,leather,ánh vàng xiên,sân tập,tracking nhanh,gió nhẹ,năng động
scn_059,casual,ánh vàng xiên,sân tập,tracking nhanh,gió nhẹ,mạnh mẽ
scn_060,sandals,ánh vàng xiên,sân tập,tracking nhanh,gió nhẹ,lãng mạn
scn_061,sneaker,ánh vàng xiên,sân tập,tracking nhanh,nắng dịu,năng động
scn_062,runner,ánh vàng xiên,sân tập,tracking nhanh,nắng dịu,mạnh mẽ
scn_063,leather,ánh vàng xiên,sân tập,tracking nhanh,nắng dịu,lãng mạn
scn_064,casual,ánh vàng xiên,sân tập,crane xuống,sương nhẹ,năng động
scn_065,sandals,ánh vàng xiên,sân tập,crane xuống,sương nhẹ,mạnh mẽ
scn_066,sneaker,ánh vàng xiên,sân tập,crane xuống,sương nhẹ,lãng mạn
scn_067,runner,ánh vàng xiên,sân tập,crane xuống,gió nhẹ,năng động
scn_068,leather,ánh vàng xiên,sân tập,crane xuống,gió nhẹ,mạnh mẽ
scn_069,casual,ánh vàng xiên,sân tập,crane xuống,gió nhẹ,lãng mạn
scn_070,sandals,ánh vàng xiên,sân tập,crane xuống,nắng dịu,năng động
scn_071,sneaker,ánh vàng xiên,sân tập,crane xuống,nắng dịu,mạnh mẽ
scn_072,runner,ánh vàng xiên,sân tập,crane xuống,nắng dịu,lãng mạn
scn_073,leather,ánh vàng xiên,sân tập,pan ngang,sương nhẹ,năng động
scn_074,casual,ánh vàng xiên,sân tập,pan ngang,sương nhẹ,mạnh mẽ
scn_075,sandals,ánh vàng xiên,sân tập,pan ngang,sương nhẹ,lãng mạn
scn_076,sneaker,ánh vàng xiên,sân tập,pan ngang,gió nhẹ,năng động
scn_077,runner,ánh vàng xiên,sân tập,pan ngang,gió nhẹ,mạnh mẽ
scn_078,leather,ánh vàng xiên,sân tập,pan ngang,gió nhẹ,lãng mạn
scn_079,casual,ánh vàng xiên,sân tập,pan ngang,nắng dịu,năng động
scn_080,sandals,ánh vàng xiên,sân tập,pan ngang,nắng dịu,mạnh mẽ
scn_081,sneaker,ánh vàng xiên,sân tập,pan ngang,nắng dịu,lãng mạn
scn_082,runner,ánh vàng xiên,sân tập,wide dolly,sương nhẹ,năng động
scn_083,leather,ánh vàng xiên,sân tập,wide dolly,sương nhẹ,mạnh mẽ
scn_084,casual,ánh vàng xiên,sân tập,wide dolly,sương nhẹ,lãng mạn
scn_085,sandals,ánh vàng xiên,sân tập,wide dolly,gió nhẹ,năng động
scn_086,sneaker,ánh vàng xiên,sân tập,wide dolly,gió nhẹ,mạnh mẽ
scn_087,runner,ánh vàng xiên,sân tập,wide dolly,gió nhẹ,lãng mạn
scn_088,leather,ánh vàng xiên,sân tập,wide dolly,nắng dịu,năng động
scn_089,casual,ánh vàng xiên,sân tập,wide dolly,nắng dịu,mạnh mẽ
scn_090,sandals,ánh vàng xiên,sân tập,wide dolly,nắng dịu,lãng mạn
scn_091,sneaker,ánh vàng xiên,studio phản sáng,orbit chậm,sương nhẹ,năng động
scn_092,runner,ánh vàng xiên,studio phản sáng,orbit chậm,sương nhẹ,mạnh mẽ
scn_093,leather,ánh vàng xiên,studio phản sáng,orbit chậm,sương nhẹ,lãng mạn
scn_094,casual,ánh vàng xiên,studio phản sáng,orbit chậm,gió nhẹ,năng động
scn_095,sandals,ánh vàng xiên,studio phản sáng,orbit chậm,gió nhẹ,mạnh mẽ
scn_096,sneaker,ánh vàng xiên,studio phản sáng,orbit chậm,gió nhẹ,lãng mạn
scn_097,runner,ánh vàng xiên,studio phản sáng,orbit chậm,nắng dịu,năng động
scn_098,leather,ánh vàng xiên,studio phản sáng,orbit chậm,nắng dịu,mạnh mẽ
scn_099,casual,ánh vàng xiên,studio phản sáng,orbit chậm,nắng dịu,lãng mạn
scn_100,sandals,ánh vàng xiên,studio phản sáng,tracking nhanh,sương nhẹ,năng động
scn_101,sneaker,ánh vàng xiên,studio phản sáng,tracking nhanh,sương nhẹ,mạnh mẽ
scn_102,runner,ánh vàng xiên,studio phản sáng,tracking nhanh,sương nhẹ,lãng mạn
scn_103,leather,ánh vàng xiên,studio phản sáng,tracking nhanh,gió nhẹ,năng động
scn_104,casual,ánh vàng xiên,studio phản sáng,tracking nhanh,gió nhẹ,mạnh mẽ
scn_105,sandals,ánh vàng xiên,studio phản sáng,tracking nhanh,gió nhẹ,lãng mạn
scn_106,sneaker,ánh vàng xiên,studio phản sáng,tracking nhanh,nắng dịu,năng động
scn_107,runner,ánh vàng xiên,studio phản sáng,tracking nhanh,nắng dịu,mạnh mẽ
scn_108,leather,ánh vàng xiên,studio phản sáng,tracking nhanh,nắng dịu,lãng mạn
scn_109,casual,ánh vàng xiên,studio phản sáng,crane xuống,sương nhẹ,năng động
scn_110,sandals,ánh vàng xiên,studio phản sáng,crane xuống,sương nhẹ,mạnh mẽ
scn_111,sneaker,ánh vàng xiên,studio phản sáng,crane xuống,sương nhẹ,lãng mạn
scn_112,runner,ánh vàng xiên,studio phản sáng,crane xuống,gió nhẹ,năng động
scn_113,leather,ánh vàng xiên,studio phản sáng,crane xuống,gió nhẹ,mạnh mẽ
scn_114,casual,ánh vàng xiên,studio phản sáng,crane xuống,gió nhẹ,lãng mạn
scn_115,sandals,ánh vàng xiên,studio phản sáng,crane xuống,nắng dịu,năng động
scn_116,sneaker,ánh vàng xiên,studio phản sáng,crane xuống,nắng dịu,mạnh mẽ
scn_117,runner,ánh vàng xiên,studio phản sáng,crane xuống,nắng dịu,lãng mạn
scn_118,leather,ánh vàng xiên,studio phản sáng,pan ngang,sương nhẹ,năng động
scn_119,casual,ánh vàng xiên,studio phản sáng,pan ngang,sương nhẹ,mạnh mẽ
scn_120,sandals,ánh vàng xiên,studio phản sáng,pan ngang,sương nhẹ,lãng mạn
scn_121,sneaker,ánh vàng xiên,studio phản sáng,pan ngang,gió nhẹ,năng động
scn_122,runner,ánh vàng xiên,studio phản sáng,pan ngang,gió nhẹ,mạnh mẽ
scn_123,leather,ánh vàng xiên,studio phản sáng,pan ngang,gió nhẹ,lãng mạn
scn_124,casual,ánh vàng xiên,studio phản sáng,pan ngang,nắng dịu,năng động
scn_125,sandals,ánh vàng xiên,studio phản sáng,pan ngang,nắng dịu,mạnh mẽ
scn_126,sneaker,ánh vàng xiên,studio phản sáng,pan ngang,nắng dịu,lãng mạn
scn_127,runner,ánh vàng xiên,studio phản sáng,wide dolly,sương nhẹ,năng động
scn_128,leather,ánh vàng xiên,studio phản sáng,wide dolly,sương nhẹ,mạnh mẽ
scn_129,casual,ánh vàng xiên,studio phản sáng,wide dolly,sương nhẹ,lãng mạn
scn_130,sandals,ánh vàng xiên,studio phản sáng,wide dolly,gió nhẹ,năng động
scn_131,sneaker,ánh vàng xiên,studio phản sáng,wide dolly,gió nhẹ,mạnh mẽ
scn_132,runner,ánh vàng xiên,studio phản sáng,wide dolly,gió nhẹ,lãng mạn
scn_133,leather,ánh vàng xiên,studio phản sáng,wide dolly,nắng dịu,năng động
scn_134,casual,ánh vàng xiên,studio phản sáng,wide dolly,nắng dịu,mạnh mẽ
scn_135,sandals,ánh vàng xiên,studio phản sáng,wide dolly,nắng dịu,lãng mạn
scn_136,sneaker,ánh vàng xiên,công viên chiều,orbit chậm,sương nhẹ,năng động
scn_137,runner,ánh vàng xiên,công viên chiều,orbit chậm,sương nhẹ,mạnh mẽ
scn_138,leather,ánh vàng xiên,công viên chiều,orbit chậm,sương nhẹ,lãng mạn
scn_139,casual,ánh vàng xiên,công viên chiều,orbit chậm,gió nhẹ,năng động
scn_140,sandals,ánh vàng xiên,công viên chiều,orbit chậm,gió nhẹ,mạnh mẽ
scn_141,sneaker,ánh vàng xiên,công viên chiều,orbit chậm,gió nhẹ,lãng mạn
scn_142,runner,ánh vàng xiên,công viên chiều,orbit chậm,nắng dịu,năng động
scn_143,leather,ánh vàng xiên,công viên chiều,orbit chậm,nắng dịu,mạnh mẽ
scn_144,casual,ánh vàng xiên,công viên chiều,orbit chậm,nắng dịu,lãng mạn
scn_145,sandals,ánh vàng xiên,công viên chiều,tracking nhanh,sương nhẹ,năng động
scn_146,sneaker,ánh vàng xiên,công viên chiều,tracking nhanh,sương nhẹ,mạnh mẽ
scn_147,runner,ánh vàng xiên,công viên chiều,tracking nhanh,sương nhẹ,lãng mạn
scn_148,leather,ánh vàng xiên,công viên chiều,tracking nhanh,gió nhẹ,năng động
scn_149,casual,ánh vàng xiên,công viên chiều,tracking nhanh,gió nhẹ,mạnh mẽ
scn_150,sandals,ánh vàng xiên,công viên chiều,tracking nhanh,gió nhẹ,lãng mạn
scn_151,sneaker,ánh vàng xiên,công viên chiều,tracking nhanh,nắng dịu,năng động
scn_152,runner,ánh vàng xiên,công viên chiều,tracking nhanh,nắng dịu,mạnh mẽ
scn_153,leather,ánh vàng xiên,công viên chiều,tracking nhanh,nắng dịu,lãng mạn
scn_154,casual,ánh vàng xiên,công viên chiều,crane xuống,sương nhẹ,năng động
scn_155,sandals,ánh vàng xiên,công viên chiều,crane xuống,sương nhẹ,mạnh mẽ
scn_156,sneaker,ánh vàng xiên,công viên chiều,crane xuống,sương nhẹ,lãng mạn
scn_157,runner,ánh vàng xiên,công viên chiều,crane xuống,gió nhẹ,năng động
scn_158,leather,ánh vàng xiên,công viên chiều,crane xuống,gió nhẹ,mạnh mẽ
scn_159,casual,ánh vàng xiên,công viên chiều,crane xuống,gió nhẹ,lãng mạn
scn_160,sandals,ánh vàng xiên,công viên chiều,crane xuống,nắng dịu,năng động
scn_161,sneaker,ánh vàng xiên,công viên chiều,crane xuống,nắng dịu,mạnh mẽ
scn_162,runner,ánh vàng xiên,công viên chiều,crane xuống,nắng dịu,lãng mạn
scn_163,leather,ánh vàng xiên,công viên chiều,pan ngang,sương nhẹ,năng động
scn_164,casual,ánh vàng xiên,công viên chiều,pan ngang,sương nhẹ,mạnh mẽ
scn_165,sandals,ánh vàng xiên,công viên chiều,pan ngang,sương nhẹ,lãng mạn
scn_166,sneaker,ánh vàng xiên,công viên chiều,pan ngang,gió nhẹ,năng động
scn_167,runner,ánh vàng xiên,công viên chiều,pan ngang,gió nhẹ,mạnh mẽ
scn_168,leather,ánh vàng xiên,công viên chiều,pan ngang,gió nhẹ,lãng mạn
scn_169,casual,ánh vàng xiên,công viên chiều,pan ngang,nắng dịu,năng động
scn_170,sandals,ánh vàng xiên,công viên chiều,pan ngang,nắng dịu,mạnh mẽ
scn_171,sneaker,ánh vàng xiên,công viên chiều,pan ngang,nắng dịu,lãng mạn
scn_172,runner,ánh vàng xiên,công viên chiều,wide dolly,sương nhẹ,năng động
scn_173,leather,ánh vàng xiên,công viên chiều,wide dolly,sương nhẹ,mạnh mẽ
scn_174,casual,ánh vàng xiên,công viên chiều,wide dolly,sương nhẹ,lãng mạn
scn_175,sandals,ánh vàng xiên,công viên chiều,wide dolly,gió nhẹ,năng động
scn_176,sneaker,ánh vàng xiên,công viên chiều,wide dolly,gió nhẹ,mạnh mẽ
scn_177,runner,ánh vàng xiên,công viên chiều,wide dolly,gió nhẹ,lãng mạn
scn_178,leather,ánh vàng xiên,công viên chiều,wide dolly,nắng dịu,năng động
scn_179,casual,ánh vàng xiên,công viên chiều,wide dolly,nắng dịu,mạnh mẽ
scn_180,sandals,ánh vàng xiên,công viên chiều,wide dolly,nắng dịu,lãng mạn
scn_181,sneaker,ánh vàng xiên,bãi biển chiều,orbit chậm,sương nhẹ,năng động
scn_182,runner,ánh vàng xiên,bãi biển chiều,orbit chậm,sương nhẹ,mạnh mẽ
scn_183,leather,ánh vàng xiên,bãi biển chiều,orbit chậm,sương nhẹ,lãng mạn
scn_184,casual,ánh vàng xiên,bãi biển chiều,orbit chậm,gió nhẹ,năng động
scn_185,sandals,ánh vàng xiên,bãi biển chiều,orbit chậm,gió nhẹ,mạnh mẽ
scn_186,sneaker,ánh vàng xiên,bãi biển chiều,orbit chậm,gió nhẹ,lãng mạn
scn_187,runner,ánh vàng xiên,bãi biển chiều,orbit chậm,nắng dịu,năng động
scn_188,leather,ánh vàng xiên,bãi biển chiều,orbit chậm,nắng dịu,mạnh mẽ
scn_189,casual,ánh vàng xiên,bãi biển chiều,orbit chậm,nắng dịu,lãng mạn
scn_190,sandals,ánh vàng xiên,bãi biển chiều,tracking nhanh,sương nhẹ,năng động
scn_191,sneaker,ánh vàng xiên,bãi biển chiều,tracking nhanh,sương nhẹ,mạnh mẽ
scn_192,runner,ánh vàng xiên,bãi biển chiều,tracking nhanh,sương nhẹ,lãng mạn
scn_193,leather,ánh vàng xiên,bãi biển chiều,tracking nhanh,gió nhẹ,năng động
scn_194,casual,ánh vàng xiên,bãi biển chiều,tracking nhanh,gió nhẹ,mạnh mẽ
scn_195,sandals,ánh vàng xiên,bãi biển chiều,tracking nhanh,gió nhẹ,lãng mạn
scn_196,sneaker,ánh vàng xiên,bãi biển chiều,tracking nhanh,nắng dịu,năng động
scn_197,runner,ánh vàng xiên,bãi biển chiều,tracking nhanh,nắng dịu,mạnh mẽ
scn_198,leather,ánh vàng xiên,bãi biển chiều,tracking nhanh,nắng dịu,lãng mạn
scn_199,casual,ánh vàng xiên,bãi biển chiều,crane xuống,sương nhẹ,năng động
scn_200,sandals,ánh vàng xiên,bãi biển chiều,crane xuống,sương nhẹ,mạnh mẽ
scn_201,sneaker,ánh vàng xiên,bãi biển chiều,crane xuống,sương nhẹ,lãng mạn
scn_202,runner,ánh vàng xiên,bãi biển chiều,crane xuống,gió nhẹ,năng động
scn_203,leather,ánh vàng xiên,bãi biển chiều,crane xuống,gió nhẹ,mạnh mẽ
scn_204,casual,ánh vàng xiên,bãi biển chiều,crane xuống,gió nhẹ,lãng mạn
scn_205,sandals,ánh vàng xiên,bãi biển chiều,crane xuống,nắng dịu,năng động
scn_206,sneaker,ánh vàng xiên,bãi biển chiều,crane xuống,nắng dịu,mạnh mẽ
scn_207,runner,ánh vàng xiên,bãi biển chiều,crane xuống,nắng dịu,lãng mạn
scn_208,leather,ánh vàng xiên,bãi biển chiều,pan ngang,sương nhẹ,năng động
scn_209,casual,ánh vàng xiên,bãi biển chiều,pan ngang,sương nhẹ,mạnh mẽ
scn_210,sandals,ánh vàng xiên,bãi biển chiều,pan ngang,sương nhẹ,lãng mạn
scn_211,sneaker,ánh vàng xiên,bãi biển chiều,pan ngang,gió nhẹ,năng động
scn_212,runner,ánh vàng xiên,bãi biển chiều,pan ngang,gió nhẹ,mạnh mẽ
scn_213,leather,ánh vàng xiên,bãi biển chiều,pan ngang,gió nhẹ,lãng mạn
scn_214,casual,ánh vàng xiên,bãi biển chiều,pan ngang,nắng dịu,năng động
scn_215,sandals,ánh vàng xiên,bãi biển chiều,pan ngang,nắng dịu,mạnh mẽ
scn_216,sneaker,ánh vàng xiên,bãi biển chiều,pan ngang,nắng dịu,lãng mạn
scn_217,runner,ánh vàng xiên,bãi biển chiều,wide dolly,sương nhẹ,năng động
scn_218,leather,ánh vàng xiên,bãi biển chiều,wide dolly,sương nhẹ,mạnh mẽ
scn_219,casual,ánh vàng xiên,bãi biển chiều,wide dolly,sương nhẹ,lãng mạn
scn_220,sandals,ánh vàng xiên,bãi biển chiều,wide dolly,gió nhẹ,năng động
scn_221,sneaker,ánh vàng xiên,bãi biển chiều,wide dolly,gió nhẹ,mạnh mẽ
scn_222,runner,ánh vàng xiên,bãi biển chiều,wide dolly,gió nhẹ,lãng mạn
scn_223,leather,ánh vàng xiên,bãi biển chiều,wide dolly,nắng dịu,năng động
scn_224,casual,ánh vàng xiên,bãi biển chiều,wide dolly,nắng dịu,mạnh mẽ
scn_225,sandals,ánh vàng xiên,bãi biển chiều,wide dolly,nắng dịu,lãng mạn
scn_226,sneaker,ánh vàng xiên,phố đi bộ,orbit chậm,sương nhẹ,năng động
scn_227,runner,ánh vàng xiên,phố đi bộ,orbit chậm,sương nhẹ,mạnh mẽ
scn_228,leather,ánh vàng xiên,phố đi bộ,orbit chậm,sương nhẹ,lãng mạn
scn_229,casual,ánh vàng xiên,phố đi bộ,orbit chậm,gió nhẹ,năng động
scn_230,sandals,ánh vàng xiên,phố đi bộ,orbit chậm,gió nhẹ,mạnh mẽ
scn_231,sneaker,ánh vàng xiên,phố đi bộ,orbit chậm,gió nhẹ,lãng mạn
scn_232,runner,ánh vàng xiên,phố đi bộ,orbit chậm,nắng dịu,năng động
scn_233,leather,ánh vàng xiên,phố đi bộ,orbit chậm,nắng dịu,mạnh mẽ
scn_234,casual,ánh vàng xiên,phố đi bộ,orbit chậm,nắng dịu,lãng mạn
scn_235,sandals,ánh vàng xiên,phố đi bộ,tracking nhanh,sương nhẹ,năng động
scn_236,sneaker,ánh vàng xiên,phố đi bộ,tracking nhanh,sương nhẹ,mạnh mẽ
scn_237,runner,ánh vàng xiên,phố đi bộ,tracking nhanh,sương nhẹ,lãng mạn
scn_238,leather,ánh vàng xiên,phố đi bộ,tracking nhanh,gió nhẹ,năng động
scn_239,casual,ánh vàng xiên,phố đi bộ,tracking nhanh,gió nhẹ,mạnh mẽ
scn_240,sandals,ánh vàng xiên,phố đi bộ,tracking nhanh,gió nhẹ,lãng mạn
scn_241,sneaker,ánh vàng xiên,phố đi bộ,tracking nhanh,nắng dịu,năng động
scn_242,runner,ánh vàng xiên,phố đi bộ,tracking nhanh,nắng dịu,mạnh mẽ
scn_243,leather,ánh vàng xiên,phố đi bộ,tracking nhanh,nắng dịu,lãng mạn
scn_244,casual,ánh vàng xiên,phố đi bộ,crane xuống,sương nhẹ,năng động
scn_245,sandals,ánh vàng xiên,phố đi bộ,crane xuống,sương nhẹ,mạnh mẽ
scn_246,sneaker,ánh vàng xiên,phố đi bộ,crane xuống,sương nhẹ,lãng mạn
scn_247,runner,ánh vàng xiên,phố đi bộ,crane xuống,gió nhẹ,năng động
scn_248,leather,ánh vàng xiên,phố đi bộ,crane xuống,gió nhẹ,mạnh mẽ
scn_249,casual,ánh vàng xiên,phố đi bộ,crane xuống,gió nhẹ,lãng mạn
scn_250,sandals,ánh vàng xiên,phố đi bộ,crane xuống,nắng dịu,năng động
scn_251,sneaker,ánh vàng xiên,phố đi bộ,crane xuống,nắng dịu,mạnh mẽ
scn_252,runner,ánh vàng xiên,phố đi bộ,crane xuống,nắng dịu,lãng mạn
scn_253,leather,ánh vàng xiên,phố đi bộ,pan ngang,sương nhẹ,năng động
scn_254,casual,ánh vàng xiên,phố đi bộ,pan ngang,sương nhẹ,mạnh mẽ
scn_255,sandals,ánh vàng xiên,phố đi bộ,pan ngang,sương nhẹ,lãng mạn
scn_256,sneaker,ánh vàng xiên,phố đi bộ,pan ngang,gió nhẹ,năng động
scn_257,runner,ánh vàng xiên,phố đi bộ,pan ngang,gió nhẹ,mạnh mẽ
scn_258,leather,ánh vàng xiên,phố đi bộ,pan ngang,gió nhẹ,lãng mạn
scn_259,casual,ánh vàng xiên,phố đi bộ,pan ngang,nắng dịu,năng động
scn_260,sandals,ánh vàng xiên,phố đi bộ,pan ngang,nắng dịu,mạnh mẽ
scn_261,sneaker,ánh vàng xiên,phố đi bộ,pan ngang,nắng dịu,lãng mạn
scn_262,runner,ánh vàng xiên,phố đi bộ,wide dolly,sương nhẹ,năng động
scn_263,leather,ánh vàng xiên,phố đi bộ,wide dolly,sương nhẹ,mạnh mẽ
scn_264,casual,ánh vàng xiên,phố đi bộ,wide dolly,sương nhẹ,lãng mạn
scn_265,sandals,ánh vàng xiên,phố đi bộ,wide dolly,gió nhẹ,năng động
scn_266,sneaker,ánh vàng xiên,phố đi bộ,wide dolly,gió nhẹ,mạnh mẽ
scn_267,runner,ánh vàng xiên,phố đi bộ,wide dolly,gió nhẹ,lãng mạn
scn_268,leather,ánh vàng xiên,phố đi bộ,wide dolly,nắng dịu,năng động
scn_269,casual,ánh vàng xiên,phố đi bộ,wide dolly,nắng dịu,mạnh mẽ
scn_270,sandals,ánh vàng xiên,phố đi bộ,wide dolly,nắng dịu,lãng mạn
scn_271,sneaker,ánh vàng xiên,ban công căn hộ,orbit chậm,sương nhẹ,năng động
scn_272,runner,ánh vàng xiên,ban công căn hộ,orbit chậm,sương nhẹ,mạnh mẽ
scn_273,leather,ánh vàng xiên,ban công căn hộ,orbit chậm,sương nhẹ,lãng mạn
scn_274,casual,ánh vàng xiên,ban công căn hộ,orbit chậm,gió nhẹ,năng động
scn_275,sandals,ánh vàng xiên,ban công căn hộ,orbit chậm,gió nhẹ,mạnh mẽ
scn_276,sneaker,ánh vàng xiên,ban công căn hộ,orbit chậm,gió nhẹ,lãng mạn
scn_277,runner,ánh vàng xiên,ban công căn hộ,orbit chậm,nắng dịu,năng động
scn_278,leather,ánh vàng xiên,ban công căn hộ,orbit chậm,nắng dịu,mạnh mẽ
scn_279,casual,ánh vàng xiên,ban công căn hộ,orbit chậm,nắng dịu,lãng mạn
scn_280,sandals,ánh vàng xiên,ban công căn hộ,tracking nhanh,sương nhẹ,năng động
scn_281,sneaker,ánh vàng xiên,ban công căn hộ,tracking nhanh,sương nhẹ,mạnh mẽ
scn_282,runner,ánh vàng xiên,ban công căn hộ,tracking nhanh,sương nhẹ,lãng mạn
scn_283,leather,ánh vàng xiên,ban công căn hộ,tracking nhanh,gió nhẹ,năng động
scn_284,casual,ánh vàng xiên,ban công căn hộ,tracking nhanh,gió nhẹ,mạnh mẽ
scn_285,sandals,ánh vàng xiên,ban công căn hộ,tracking nhanh,gió nhẹ,lãng mạn
scn_286,sneaker,ánh vàng xiên,ban công căn hộ,tracking nhanh,nắng dịu,năng động
scn_287,runner,ánh vàng xiên,ban công căn hộ,tracking nhanh,nắng dịu,mạnh mẽ
scn_288,leather,ánh vàng xiên,ban công căn hộ,tracking nhanh,nắng dịu,lãng mạn
scn_289,casual,ánh vàng xiên,ban công căn hộ,crane xuống,sương nhẹ,năng động
scn_290,sandals,ánh vàng xiên,ban công căn hộ,crane xuống,sương nhẹ,mạnh mẽ
scn_291,sneaker,ánh vàng xiên,ban công căn hộ,crane xuống,sương nhẹ,lãng mạn
scn_292,runner,ánh vàng xiên,ban công căn hộ,crane xuống,gió nhẹ,năng động
scn_293,leather,ánh vàng xiên,ban công căn hộ,crane xuống,gió nhẹ,mạnh mẽ
scn_294,casual,ánh vàng xiên,ban công căn hộ,crane xuống,gió nhẹ,lãng mạn
scn_295,sandals,ánh vàng xiên,ban công căn hộ,crane xuống,nắng dịu,năng động
scn_296,sneaker,ánh vàng xiên,ban công căn hộ,crane xuống,nắng dịu,mạnh mẽ
scn_297,runner,ánh vàng xiên,ban công căn hộ,crane xuống,nắng dịu,lãng mạn
scn_298,leather,ánh vàng xiên,ban công căn hộ,pan ngang,sương nhẹ,năng động
scn_299,casual,ánh vàng xiên,ban công căn hộ,pan ngang,sương nhẹ,mạnh mẽ
scn_300,sandals,ánh vàng xiên,ban công căn hộ,pan ngang,sương nhẹ,lãng mạn
scn_301,sneaker,ánh vàng xiên,ban công căn hộ,pan ngang,gió nhẹ,năng động
scn_302,runner,ánh vàng xiên,ban công căn hộ,pan ngang,gió nhẹ,mạnh mẽ
scn_303,leather,ánh vàng xiên,ban công căn hộ,pan ngang,gió nhẹ,lãng mạn
scn_304,casual,ánh vàng xiên,ban công căn hộ,pan ngang,nắng dịu,năng động
scn_305,sandals,ánh vàng xiên,ban công căn hộ,pan ngang,nắng dịu,mạnh mẽ
scn_306,sneaker,ánh vàng xiên,ban công căn hộ,pan ngang,nắng dịu,lãng mạn
scn_307,runner,ánh vàng xiên,ban công căn hộ,wide dolly,sương nhẹ,năng động
scn_308,leather,ánh vàng xiên,ban công căn hộ,wide dolly,sương nhẹ,mạnh mẽ
scn_309,casual,ánh vàng xiên,ban công căn hộ,wide dolly,sương nhẹ,lãng mạn
scn_310,sandals,ánh vàng xiên,ban công căn hộ,wide dolly,gió nhẹ,năng động
scn_311,sneaker,ánh vàng xiên,ban công căn hộ,wide dolly,gió nhẹ,mạnh mẽ
scn_312,runner,ánh vàng xiên,ban công căn hộ,wide dolly,gió nhẹ,lãng mạn
scn_313,leather,ánh vàng xiên,ban công căn hộ,wide dolly,nắng dịu,năng động
scn_314,casual,ánh vàng xiên,ban công căn hộ,wide dolly,nắng dịu,mạnh mẽ
scn_315,sandals,ánh vàng xiên,ban công căn hộ,wide dolly,nắng dịu,lãng mạn
scn_316,sneaker,ánh vàng xiên,sân thượng,orbit chậm,sương nhẹ,năng động
scn_317,runner,ánh vàng xiên,sân thượng,orbit chậm,sương nhẹ,mạnh mẽ
scn_318,leather,ánh vàng xiên,sân thượng,orbit chậm,sương nhẹ,lãng mạn
scn_319,casual,ánh vàng xiên,sân thượng,orbit chậm,gió nhẹ,năng động
scn_320,sandals,ánh vàng xiên,sân thượng,orbit chậm,gió nhẹ,mạnh mẽ
scn_321,sneaker,ánh vàng xiên,sân thượng,orbit chậm,gió nhẹ,lãng mạn
scn_322,runner,ánh vàng xiên,sân thượng,orbit chậm,nắng dịu,năng động
scn_323,leather,ánh vàng xiên,sân thượng,orbit chậm,nắng dịu,mạnh mẽ
scn_324,casual,ánh vàng xiên,sân thượng,orbit chậm,nắng dịu,lãng mạn
scn_325,sandals,ánh vàng xiên,sân thượng,tracking nhanh,sương nhẹ,năng động
scn_326,sneaker,ánh vàng xiên,sân thượng,tracking nhanh,sương nhẹ,mạnh mẽ
scn_327,runner,ánh vàng xiên,sân thượng,tracking nhanh,sương nhẹ,lãng mạn
scn_328,leather,ánh vàng xiên,sân thượng,tracking nhanh,gió nhẹ,năng động
scn_329,casual,ánh vàng xiên,sân thượng,tracking nhanh,gió nhẹ,mạnh mẽ
scn_330,sandals,ánh vàng xiên,sân thượng,tracking nhanh,gió nhẹ,lãng mạn
scn_331,sneaker,ánh vàng xiên,sân thượng,tracking nhanh,nắng dịu,năng động
scn_332,runner,ánh vàng xiên,sân thượng,tracking nhanh,nắng dịu,mạnh mẽ
scn_333,leather,ánh vàng xiên,sân thượng,tracking nhanh,nắng dịu,lãng mạn
scn_334,casual,ánh vàng xiên,sân thượng,crane xuống,sương nhẹ,năng động
scn_335,sandals,ánh vàng xiên,sân thượng,crane xuống,sương nhẹ,mạnh mẽ
scn_336,sneaker,ánh vàng xiên,sân thượng,crane xuống,sương nhẹ,lãng mạn
scn_337,runner,ánh vàng xiên,sân thượng,crane xuống,gió nhẹ,năng động
scn_338,leather,ánh vàng xiên,sân thượng,crane xuống,gió nhẹ,mạnh mẽ
scn_339,casual,ánh vàng xiên,sân thượng,crane xuống,gió nhẹ,lãng mạn
scn_340,sandals,ánh vàng xiên,sân thượng,crane xuống,nắng dịu,năng động
scn_341,sneaker,ánh vàng xiên,sân thượng,crane xuống,nắng dịu,mạnh mẽ
scn_342,runner,ánh vàng xiên,sân thượng,crane xuống,nắng dịu,lãng mạn
scn_343,leather,ánh vàng xiên,sân thượng,pan ngang,sương nhẹ,năng động
scn_344,casual,ánh vàng xiên,sân thượng,pan ngang,sương nhẹ,mạnh mẽ
scn_345,sandals,ánh vàng xiên,sân thượng,pan ngang,sương nhẹ,lãng mạn
scn_346,sneaker,ánh vàng xiên,sân thượng,pan ngang,gió nhẹ,năng động
scn_347,runner,ánh vàng xiên,sân thượng,pan ngang,gió nhẹ,mạnh mẽ
scn_348,leather,ánh vàng xiên,sân thượng,pan ngang,gió nhẹ,lãng mạn
scn_349,casual,ánh vàng xiên,sân thượng,pan ngang,nắng dịu,năng động
scn_350,sandals,ánh vàng xiên,sân thượng,pan ngang,nắng dịu,mạnh mẽ
scn_351,sneaker,ánh vàng xiên,sân thượng,pan ngang,nắng dịu,lãng mạn
scn_352,runner,ánh vàng xiên,sân thượng,wide dolly,sương nhẹ,năng động
scn_353,leather,ánh vàng xiên,sân thượng,wide dolly,sương nhẹ,mạnh mẽ
scn_354,casual,ánh vàng xiên,sân thượng,wide dolly,sương nhẹ,lãng mạn
scn_355,sandals,ánh vàng xiên,sân thượng,wide dolly,gió nhẹ,năng động
scn_356,sneaker,ánh vàng xiên,sân thượng,wide dolly,gió nhẹ,mạnh mẽ
scn_357,runner,ánh vàng xiên,sân thượng,wide dolly,gió nhẹ,lãng mạn
scn_358,leather,ánh vàng xiên,sân thượng,wide dolly,nắng dịu,năng động
scn_359,casual,ánh vàng xiên,sân thượng,wide dolly,nắng dịu,mạnh mẽ
scn_360,sandals,ánh vàng xiên,sân thượng,wide dolly,nắng dịu,lãng mạn
scn_361,sneaker,ánh vàng xiên,lối đi đá,orbit chậm,sương nhẹ,năng động
scn_362,runner,ánh vàng xiên,lối đi đá,orbit chậm,sương nhẹ,mạnh mẽ
scn_363,leather,ánh vàng xiên,lối đi đá,orbit chậm,sương nhẹ,lãng mạn
scn_364,casual,ánh vàng xiên,lối đi đá,orbit chậm,gió nhẹ,năng động
scn_365,sandals,ánh vàng xiên,lối đi đá,orbit chậm,gió nhẹ,mạnh mẽ
scn_366,sneaker,ánh vàng xiên,lối đi đá,orbit chậm,gió nhẹ,lãng mạn
scn_367,runner,ánh vàng xiên,lối đi đá,orbit chậm,nắng dịu,năng động
scn_368,leather,ánh vàng xiên,lối đi đá,orbit chậm,nắng dịu,mạnh mẽ
scn_369,casual,ánh vàng xiên,lối đi đá,orbit chậm,nắng dịu,lãng mạn
scn_370,sandals,ánh vàng xiên,lối đi đá,tracking nhanh,sương nhẹ,năng động
scn_371,sneaker,ánh vàng xiên,lối đi đá,tracking nhanh,sương nhẹ,mạnh mẽ
scn_372,runner,ánh vàng xiên,lối đi đá,tracking nhanh,sương nhẹ,lãng mạn
scn_373,leather,ánh vàng xiên,lối đi đá,tracking nhanh,gió nhẹ,năng động
scn_374,casual,ánh vàng xiên,lối đi đá,tracking nhanh,gió nhẹ,mạnh mẽ
scn_375,sandals,ánh vàng xiên,lối đi đá,tracking nhanh,gió nhẹ,lãng mạn
scn_376,sneaker,ánh vàng xiên,lối đi đá,tracking nhanh,nắng dịu,năng động
scn_377,runner,ánh vàng xiên,lối đi đá,tracking nhanh,nắng dịu,mạnh mẽ
scn_378,leather,ánh vàng xiên,lối đi đá,tracking nhanh,nắng dịu,lãng mạn
scn_379,casual,ánh vàng xiên,lối đi đá,crane xuống,sương nhẹ,năng động
scn_380,sandals,ánh vàng xiên,lối đi đá,crane xuống,sương nhẹ,mạnh mẽ
scn_381,sneaker,ánh vàng xiên,lối đi đá,crane xuống,sương nhẹ,lãng mạn
scn_382,runner,ánh vàng xiên,lối đi đá,crane xuống,gió nhẹ,năng động
scn_383,leather,ánh vàng xiên,lối đi đá,crane xuống,gió nhẹ,mạnh mẽ
scn_384,casual,ánh vàng xiên,lối đi đá,crane xuống,gió nhẹ,lãng mạn
scn_385,sandals,ánh vàng xiên,lối đi đá,crane xuống,nắng dịu,năng động
scn_386,sneaker,ánh vàng xiên,lối đi đá,crane xuống,nắng dịu,mạnh mẽ
scn_387,runner,ánh vàng xiên,lối đi đá,crane xuống,nắng dịu,lãng mạn
scn_388,leather,ánh vàng xiên,lối đi đá,pan ngang,sương nhẹ,năng động
scn_389,casual,ánh vàng xiên,lối đi đá,pan ngang,sương nhẹ,mạnh mẽ
scn_390,sandals,ánh vàng xiên,lối đi đá,pan ngang,sương nhẹ,lãng mạn
scn_391,sneaker,ánh vàng xiên,lối đi đá,pan ngang,gió nhẹ,năng động
scn_392,runner,ánh vàng xiên,lối đi đá,pan ngang,gió nhẹ,mạnh mẽ
scn_393,leather,ánh vàng xiên,lối đi đá,pan ngang,gió nhẹ,lãng mạn
scn_394,casual,ánh vàng xiên,lối đi đá,pan ngang,nắng dịu,năng động
scn_395,sandals,ánh vàng xiên,lối đi đá,pan ngang,nắng dịu,mạnh mẽ
scn_396,sneaker,ánh vàng xiên,lối đi đá,pan ngang,nắng dịu,lãng mạn
scn_397,runner,ánh vàng xiên,lối đi đá,wide dolly,sương nhẹ,năng động
scn_398,leather,ánh vàng xiên,lối đi đá,wide dolly,sương nhẹ,mạnh mẽ
scn_399,casual,ánh vàng xiên,lối đi đá,wide dolly,sương nhẹ,lãng mạn
scn_400,sandals,ánh vàng xiên,lối đi đá,wide dolly,gió nhẹ,năng động
scn_401,sneaker,ánh vàng xiên,lối đi đá,wide dolly,gió nhẹ,mạnh mẽ
scn_402,runner,ánh vàng xiên,lối đi đá,wide dolly,gió nhẹ,lãng mạn
scn_403,leather,ánh vàng xiên,lối đi đá,wide dolly,nắng dịu,năng động
scn_404,casual,ánh vàng xiên,lối đi đá,wide dolly,nắng dịu,mạnh mẽ
scn_405,sandals,ánh vàng xiên,lối đi đá,wide dolly,nắng dịu,lãng mạn
scn_406,sneaker,ánh vàng xiên,quảng trường,orbit chậm,sương nhẹ,năng động
scn_407,runner,ánh vàng xiên,quảng trường,orbit chậm,sương nhẹ,mạnh mẽ
scn_408,leather,ánh vàng xiên,quảng trường,orbit chậm,sương nhẹ,lãng mạn
scn_409,casual,ánh vàng xiên,quảng trường,orbit chậm,gió nhẹ,năng động
scn_410,sandals,ánh vàng xiên,quảng trường,orbit chậm,gió nhẹ,mạnh mẽ
scn_411,sneaker,ánh vàng xiên,quảng trường,orbit chậm,gió nhẹ,lãng mạn
scn_412,runner,ánh vàng xiên,quảng trường,orbit chậm,nắng dịu,năng động
scn_413,leather,ánh vàng xiên,quảng trường,orbit chậm,nắng dịu,mạnh mẽ
scn_414,casual,ánh vàng xiên,quảng trường,orbit chậm,nắng dịu,lãng mạn
scn_415,sandals,ánh vàng xiên,quảng trường,tracking nhanh,sương nhẹ,năng động
scn_416,sneaker,ánh vàng xiên,quảng trường,tracking nhanh,sương nhẹ,mạnh mẽ
scn_417,runner,ánh vàng xiên,quảng trường,tracking nhanh,sương nhẹ,lãng mạn
scn_418,leather,ánh vàng xiên,quảng trường,tracking nhanh,gió nhẹ,năng động
scn_419,casual,ánh vàng xiên,quảng trường,tracking nhanh,gió nhẹ,mạnh mẽ
scn_420,sandals,ánh vàng xiên,quảng trường,tracking nhanh,gió nhẹ,lãng mạn
scn_421,sneaker,ánh vàng xiên,quảng trường,tracking nhanh,nắng dịu,năng động
scn_422,runner,ánh vàng xiên,quảng trường,tracking nhanh,nắng dịu,mạnh mẽ
scn_423,leather,ánh vàng xiên,quảng trường,tracking nhanh,nắng dịu,lãng mạn
scn_424,casual,ánh vàng xiên,quảng trường,crane xuống,sương nhẹ,năng động
scn_425,sandals,ánh vàng xiên,quảng trường,crane xuống,sương nhẹ,mạnh mẽ
scn_426,sneaker,ánh vàng xiên,quảng trường,crane xuống,sương nhẹ,lãng mạn
scn_427,runner,ánh vàng xiên,quảng trường,crane xuống,gió nhẹ,năng động
scn_428,leather,ánh vàng xiên,quảng trường,crane xuống,gió nhẹ,mạnh mẽ
scn_429,casual,ánh vàng xiên,quảng trường,crane xuống,gió nhẹ,lãng mạn
scn_430,sandals,ánh vàng xiên,quảng trường,crane xuống,nắng dịu,năng động
scn_431,sneaker,ánh vàng xiên,quảng trường,crane xuống,nắng dịu,mạnh mẽ
scn_432,runner,ánh vàng xiên,quảng trường,crane xuống,nắng dịu,lãng mạn
scn_433,leather,ánh vàng xiên,quảng trường,pan ngang,sương nhẹ,năng động
scn_434,casual,ánh vàng xiên,quảng trường,pan ngang,sương nhẹ,mạnh mẽ
scn_435,sandals,ánh vàng xiên,quảng trường,pan ngang,sương nhẹ,lãng mạn
scn_436,sneaker,ánh vàng xiên,quảng trường,pan ngang,gió nhẹ,năng động
scn_437,runner,ánh vàng xiên,quảng trường,pan ngang,gió nhẹ,mạnh mẽ
scn_438,leather,ánh vàng xiên,quảng trường,pan ngang,gió nhẹ,lãng mạn
scn_439,casual,ánh vàng xiên,quảng trường,pan ngang,nắng dịu,năng động
scn_440,sandals,ánh vàng xiên,quảng trường,pan ngang,nắng dịu,mạnh mẽ
scn_441,sneaker,ánh vàng xiên,quảng trường,pan ngang,nắng dịu,lãng mạn
scn_442,runner,ánh vàng xiên,quảng trường,wide dolly,sương nhẹ,năng động
scn_443,leather,ánh vàng xiên,quảng trường,wide dolly,sương nhẹ,mạnh mẽ
scn_444,casual,ánh vàng xiên,quảng trường,wide dolly,sương nhẹ,lãng mạn
scn_445,sandals,ánh vàng xiên,quảng trường,wide dolly,gió nhẹ,năng động
scn_446,sneaker,ánh vàng xiên,quảng trường,wide dolly,gió nhẹ,mạnh mẽ
scn_447,runner,ánh vàng xiên,quảng trường,wide dolly,gió nhẹ,lãng mạn
scn_448,leather,ánh vàng xiên,quảng trường,wide dolly,nắng dịu,năng động
scn_449,casual,ánh vàng xiên,quảng trường,wide dolly,nắng dịu,mạnh mẽ
scn_450,sandals,ánh vàng xiên,quảng trường,wide dolly,nắng dịu,lãng mạn
scn_451,sneaker,ánh vàng xiên,quán café,orbit chậm,sương nhẹ,năng động
scn_452,runner,ánh vàng xiên,quán café,orbit chậm,sương nhẹ,mạnh mẽ
scn_453,leather,ánh vàng xiên,quán café,orbit chậm,sương nhẹ,lãng mạn
scn_454,casual,ánh vàng xiên,quán café,orbit chậm,gió nhẹ,năng động
scn_455,sandals,ánh vàng xiên,quán café,orbit chậm,gió nhẹ,mạnh mẽ
scn_456,sneaker,ánh vàng xiên,quán café,orbit chậm,gió nhẹ,lãng mạn
scn_457,runner,ánh vàng xiên,quán café,orbit chậm,nắng dịu,năng động
scn_458,leather,ánh vàng xiên,quán café,orbit chậm,nắng dịu,mạnh mẽ
scn_459,casual,ánh vàng xiên,quán café,orbit chậm,nắng dịu,lãng mạn
scn_460,sandals,ánh vàng xiên,quán café,tracking nhanh,sương nhẹ,năng động
scn_461,sneaker,ánh vàng xiên,quán café,tracking nhanh,sương nhẹ,mạnh mẽ
scn_462,runner,ánh vàng xiên,quán café,tracking nhanh,sương nhẹ,lãng mạn
scn_463,leather,ánh vàng xiên,quán café,tracking nhanh,gió nhẹ,năng động
scn_464,casual,ánh vàng xiên,quán café,tracking nhanh,gió nhẹ,mạnh mẽ
scn_465,sandals,ánh vàng xiên,quán café,tracking nhanh,gió nhẹ,lãng mạn
scn_466,sneaker,ánh vàng xiên,quán café,tracking nhanh,nắng dịu,năng động
scn_467,runner,ánh vàng xiên,quán café,tracking nhanh,nắng dịu,mạnh mẽ
scn_468,leather,ánh vàng xiên,quán café,tracking nhanh,nắng dịu,lãng mạn
scn_469,casual,ánh vàng xiên,quán café,crane xuống,sương nhẹ,năng động
scn_470,sandals,ánh vàng xiên,quán café,crane xuống,sương nhẹ,mạnh mẽ
scn_471,sneaker,ánh vàng xiên,quán café,crane xuống,sương nhẹ,lãng mạn
scn_472,runner,ánh vàng xiên,quán café,crane xuống,gió nhẹ,năng động
scn_473,leather,ánh vàng xiên,quán café,crane xuống,gió nhẹ,mạnh mẽ
scn_474,casual,ánh vàng xiên,quán café,crane xuống,gió nhẹ,lãng mạn
scn_475,sandals,ánh vàng xiên,quán café,crane xuống,nắng dịu,năng động
scn_476,sneaker,ánh vàng xiên,quán café,crane xuống,nắng dịu,mạnh mẽ
scn_477,runner,ánh vàng xiên,quán café,crane xuống,nắng dịu,lãng mạn
scn_478,leather,ánh vàng xiên,quán café,pan ngang,sương nhẹ,năng động
scn_479,casual,ánh vàng xiên,quán café,pan ngang,sương nhẹ,mạnh mẽ
scn_480,sandals,ánh vàng xiên,quán café,pan ngang,sương nhẹ,lãng mạn
scn_481,sneaker,ánh vàng xiên,quán café,pan ngang,gió nhẹ,năng động
scn_482,runner,ánh vàng xiên,quán café,pan ngang,gió nhẹ,mạnh mẽ
scn_483,leather,ánh vàng xiên,quán café,pan ngang,gió nhẹ,lãng mạn
scn_484,casual,ánh vàng xiên,quán café,pan ngang,nắng dịu,năng động
scn_485,sandals,ánh vàng xiên,quán café,pan ngang,nắng dịu,mạnh mẽ
scn_486,sneaker,ánh vàng xiên,quán café,pan ngang,nắng dịu,lãng mạn
scn_487,runner,ánh vàng xiên,quán café,wide dolly,sương nhẹ,năng động
scn_488,leather,ánh vàng xiên,quán café,wide dolly,sương nhẹ,mạnh mẽ
scn_489,casual,ánh vàng xiên,quán café,wide dolly,sương nhẹ,lãng mạn
scn_490,sandals,ánh vàng xiên,quán café,wide dolly,gió nhẹ,năng động
scn_491,sneaker,ánh vàng xiên,quán café,wide dolly,gió nhẹ,mạnh mẽ
scn_492,runner,ánh vàng xiên,quán café,wide dolly,gió nhẹ,lãng mạn
scn_493,leather,ánh vàng xiên,quán café,wide dolly,nắng dịu,năng động
scn_494,casual,ánh vàng xiên,quán café,wide dolly,nắng dịu,mạnh mẽ
scn_495,sandals,ánh vàng xiên,quán café,wide dolly,nắng dịu,lãng mạn
scn_496,sneaker,ánh vàng xiên,bãi đỗ xe,orbit chậm,sương nhẹ,năng động
scn_497,runner,ánh vàng xiên,bãi đỗ xe,orbit chậm,sương nhẹ,mạnh mẽ
scn_498,leather,ánh vàng xiên,bãi đỗ xe,orbit chậm,sương nhẹ,lãng mạn
scn_499,casual,ánh vàng xiên,bãi đỗ xe,orbit chậm,gió nhẹ,năng động
scn_500,sandals,ánh vàng xiên,bãi đỗ xe,orbit chậm,gió nhẹ,mạnh mẽ
scn_501,sneaker,ánh vàng xiên,bãi đỗ xe,orbit chậm,gió nhẹ,lãng mạn
scn_502,runner,ánh vàng xiên,bãi đỗ xe,orbit chậm,nắng dịu,năng động
scn_503,leather,ánh vàng xiên,bãi đỗ xe,orbit chậm,nắng dịu,mạnh mẽ
scn_504,casual,ánh vàng xiên,bãi đỗ xe,orbit chậm,nắng dịu,lãng mạn
scn_505,sandals,ánh vàng xiên,bãi đỗ xe,tracking nhanh,sương nhẹ,năng động
scn_506,sneaker,ánh vàng xiên,bãi đỗ xe,tracking nhanh,sương nhẹ,mạnh mẽ
scn_507,runner,ánh vàng xiên,bãi đỗ xe,tracking nhanh,sương nhẹ,lãng mạn
scn_508,leather,ánh vàng xiên,bãi đỗ xe,tracking nhanh,gió nhẹ,năng động
scn_509,casual,ánh vàng xiên,bãi đỗ xe,tracking nhanh,gió nhẹ,mạnh mẽ
scn_510,sandals,ánh vàng xiên,bãi đỗ xe,tracking nhanh,gió nhẹ,lãng mạn
scn_511,sneaker,ánh vàng xiên,bãi đỗ xe,tracking nhanh,nắng dịu,năng động
scn_512,runner,ánh vàng xiên,bãi đỗ xe,tracking nhanh,nắng dịu,mạnh mẽ
scn_513,leather,ánh vàng xiên,bãi đỗ xe,tracking nhanh,nắng dịu,lãng mạn
scn_514,casual,ánh vàng xiên,bãi đỗ xe,crane xuống,sương nhẹ,năng động
scn_515,sandals,ánh vàng xiên,bãi đỗ xe,crane xuống,sương nhẹ,mạnh mẽ
scn_516,sneaker,ánh vàng xiên,bãi đỗ xe,crane xuống,sương nhẹ,lãng mạn
scn_517,runner,ánh vàng xiên,bãi đỗ xe,crane xuống,gió nhẹ,năng động
scn_518,leather,ánh vàng xiên,bãi đỗ xe,crane xuống,gió nhẹ,mạnh mẽ
scn_519,casual,ánh vàng xiên,bãi đỗ xe,crane xuống,gió nhẹ,lãng mạn
scn_520,sandals,ánh vàng xiên,bãi đỗ xe,crane xuống,nắng dịu,năng động
scn_521,sneaker,ánh vàng xiên,bãi đỗ xe,crane xuống,nắng dịu,mạnh mẽ
scn_522,runner,ánh vàng xiên,bãi đỗ xe,crane xuống,nắng dịu,lãng mạn
scn_523,leather,ánh vàng xiên,bãi đỗ xe,pan ngang,sương nhẹ,năng động
scn_524,casual,ánh vàng xiên,bãi đỗ xe,pan ngang,sương nhẹ,mạnh mẽ
scn_525,sandals,ánh vàng xiên,bãi đỗ xe,pan ngang,sương nhẹ,lãng mạn
scn_526,sneaker,ánh vàng xiên,bãi đỗ xe,pan ngang,gió nhẹ,năng động
scn_527,runner,ánh vàng xiên,bãi đỗ xe,pan ngang,gió nhẹ,mạnh mẽ
scn_528,leather,ánh vàng xiên,bãi đỗ xe,pan ngang,gió nhẹ,lãng mạn
scn_529,casual,ánh vàng xiên,bãi đỗ xe,pan ngang,nắng dịu,năng động
scn_530,sandals,ánh vàng xiên,bãi đỗ xe,pan ngang,nắng dịu,mạnh mẽ
scn_531,sneaker,ánh vàng xiên,bãi đỗ xe,pan ngang,nắng dịu,lãng mạn
scn_532,runner,ánh vàng xiên,bãi đỗ xe,wide dolly,sương nhẹ,năng động
scn_533,leather,ánh vàng xiên,bãi đỗ xe,wide dolly,sương nhẹ,mạnh mẽ
scn_534,casual,ánh vàng xiên,bãi đỗ xe,wide dolly,sương nhẹ,lãng mạn
scn_535,sandals,ánh vàng xiên,bãi đỗ xe,wide dolly,gió nhẹ,năng động
scn_536,sneaker,ánh vàng xiên,bãi đỗ xe,wide dolly,gió nhẹ,mạnh mẽ
scn_537,runner,ánh vàng xiên,bãi đỗ xe,wide dolly,gió nhẹ,lãng mạn
scn_538,leather,ánh vàng xiên,bãi đỗ xe,wide dolly,nắng dịu,năng động
scn_539,casual,ánh vàng xiên,bãi đỗ xe,wide dolly,nắng dịu,mạnh mẽ
scn_540,sandals,ánh vàng xiên,bãi đỗ xe,wide dolly,nắng dịu,lãng mạn
scn_541,sneaker,ánh vàng xiên,hẻm nhỏ,orbit chậm,sương nhẹ,năng động
scn_542,runner,ánh vàng xiên,hẻm nhỏ,orbit chậm,sương nhẹ,mạnh mẽ
scn_543,leather,ánh vàng xiên,hẻm nhỏ,orbit chậm,sương nhẹ,lãng mạn
scn_544,casual,ánh vàng xiên,hẻm nhỏ,orbit chậm,gió nhẹ,năng động
scn_545,sandals,ánh vàng xiên,hẻm nhỏ,orbit chậm,gió nhẹ,mạnh mẽ
scn_546,sneaker,ánh vàng xiên,hẻm nhỏ,orbit chậm,gió nhẹ,lãng mạn
scn_547,runner,ánh vàng xiên,hẻm nhỏ,orbit chậm,nắng dịu,năng động
scn_548,leather,ánh vàng xiên,hẻm nhỏ,orbit chậm,nắng dịu,mạnh mẽ
scn_549,casual,ánh vàng xiên,hẻm nhỏ,orbit chậm,nắng dịu,lãng mạn
scn_550,sandals,ánh vàng xiên,hẻm nhỏ,tracking nhanh,sương nhẹ,năng động
scn_551,sneaker,ánh vàng xiên,hẻm nhỏ,tracking nhanh,sương nhẹ,mạnh mẽ
scn_552,runner,ánh vàng xiên,hẻm nhỏ,tracking nhanh,sương nhẹ,lãng mạn
scn_553,leather,ánh vàng xiên,hẻm nhỏ,tracking nhanh,gió nhẹ,năng động
scn_554,casual,ánh vàng xiên,hẻm nhỏ,tracking nhanh,gió nhẹ,mạnh mẽ
scn_555,sandals,ánh vàng xiên,hẻm nhỏ,tracking nhanh,gió nhẹ,lãng mạn
scn_556,sneaker,ánh vàng xiên,hẻm nhỏ,tracking nhanh,nắng dịu,năng động
scn_557,runner,ánh vàng xiên,hẻm nhỏ,tracking nhanh,nắng dịu,mạnh mẽ
scn_558,leather,ánh vàng xiên,hẻm nhỏ,tracking nhanh,nắng dịu,lãng mạn
scn_559,casual,ánh vàng xiên,hẻm nhỏ,crane xuống,sương nhẹ,năng động
scn_560,sandals,ánh vàng xiên,hẻm nhỏ,crane xuống,sương nhẹ,mạnh mẽ
scn_561,sneaker,ánh vàng xiên,hẻm nhỏ,crane xuống,sương nhẹ,lãng mạn
scn_562,runner,ánh vàng xiên,hẻm nhỏ,crane xuống,gió nhẹ,năng động
scn_563,leather,ánh vàng xiên,hẻm nhỏ,crane xuống,gió nhẹ,mạnh mẽ
scn_564,casual,ánh vàng xiên,hẻm nhỏ,crane xuống,gió nhẹ,lãng mạn
scn_565,sandals,ánh vàng xiên,hẻm nhỏ,crane xuống,nắng dịu,năng động
scn_566,sneaker,ánh vàng xiên,hẻm nhỏ,crane xuống,nắng dịu,mạnh mẽ
scn_567,runner,ánh vàng xiên,hẻm nhỏ,crane xuống,nắng dịu,lãng mạn
scn_568,leather,ánh vàng xiên,hẻm nhỏ,pan ngang,sương nhẹ,năng động
scn_569,casual,ánh vàng xiên,hẻm nhỏ,pan ngang,sương nhẹ,mạnh mẽ
scn_570,sandals,ánh vàng xiên,hẻm nhỏ,pan ngang,sương nhẹ,lãng mạn
scn_571,sneaker,ánh vàng xiên,hẻm nhỏ,pan ngang,gió nhẹ,năng động
scn_572,runner,ánh vàng xiên,hẻm nhỏ,pan ngang,gió nhẹ,mạnh mẽ
scn_573,leather,ánh vàng xiên,hẻm nhỏ,pan ngang,gió nhẹ,lãng mạn
scn_574,casual,ánh vàng xiên,hẻm nhỏ,pan ngang,nắng dịu,năng động
scn_575,sandals,ánh vàng xiên,hẻm nhỏ,pan ngang,nắng dịu,mạnh mẽ
scn_576,sneaker,ánh vàng xiên,hẻm nhỏ,pan ngang,nắng dịu,lãng mạn
scn_577,runner,ánh vàng xiên,hẻm nhỏ,wide dolly,sương nhẹ,năng động
scn_578,leather,ánh vàng xiên,hẻm nhỏ,wide dolly,sương nhẹ,mạnh mẽ
scn_579,casual,ánh vàng xiên,hẻm nhỏ,wide dolly,sương nhẹ,lãng mạn
scn_580,sandals,ánh vàng xiên,hẻm nhỏ,wide dolly,gió nhẹ,năng động
scn_581,sneaker,ánh vàng xiên,hẻm nhỏ,wide dolly,gió nhẹ,mạnh mẽ
scn_582,runner,ánh vàng xiên,hẻm nhỏ,wide dolly,gió nhẹ,lãng mạn
scn_583,leather,ánh vàng xiên,hẻm nhỏ,wide dolly,nắng dịu,năng động
scn_584,casual,ánh vàng xiên,hẻm nhỏ,wide dolly,nắng dịu,mạnh mẽ
scn_585,sandals,ánh vàng xiên,hẻm nhỏ,wide dolly,nắng dịu,lãng mạn
scn_586,sneaker,ánh vàng xiên,khu dân cư,orbit chậm,sương nhẹ,năng động
scn_587,runner,ánh vàng xiên,khu dân cư,orbit chậm,sương nhẹ,mạnh mẽ
scn_588,leather,ánh vàng xiên,khu dân cư,orbit chậm,sương nhẹ,lãng mạn
scn_589,casual,ánh vàng xiên,khu dân cư,orbit chậm,gió nhẹ,năng động
scn_590,sandals,ánh vàng xiên,khu dân cư,orbit chậm,gió nhẹ,mạnh mẽ
scn_591,sneaker,ánh vàng xiên,khu dân cư,orbit chậm,gió nhẹ,lãng mạn
scn_592,runner,ánh vàng xiên,khu dân cư,orbit chậm,nắng dịu,năng động
scn_593,leather,ánh vàng xiên,khu dân cư,orbit chậm,nắng dịu,mạnh mẽ
scn_594,casual,ánh vàng xiên,khu dân cư,orbit chậm,nắng dịu,lãng mạn
scn_595,sandals,ánh vàng xiên,khu dân cư,tracking nhanh,sương nhẹ,năng động
scn_596,sneaker,ánh vàng xiên,khu dân cư,tracking nhanh,sương nhẹ,mạnh mẽ
scn_597,runner,ánh vàng xiên,khu dân cư,tracking nhanh,sương nhẹ,lãng mạn
scn_598,leather,ánh vàng xiên,khu dân cư,tracking nhanh,gió nhẹ,năng động
scn_599,casual,ánh vàng xiên,khu dân cư,tracking nhanh,gió nhẹ,mạnh mẽ
scn_600,sandals,ánh vàng xiên,khu dân cư,tracking nhanh,gió nhẹ,lãng mạn
scn_601,sneaker,ánh vàng xiên,khu dân cư,tracking nhanh,nắng dịu,năng động
scn_602,runner,ánh vàng xiên,khu dân cư,tracking nhanh,nắng dịu,mạnh mẽ
scn_603,leather,ánh vàng xiên,khu dân cư,tracking nhanh,nắng dịu,lãng mạn
scn_604,casual,ánh vàng xiên,khu dân cư,crane xuống,sương nhẹ,năng động
scn_605,sandals,ánh vàng xiên,khu dân cư,crane xuống,sương nhẹ,mạnh mẽ
scn_606,sneaker,ánh vàng xiên,khu dân cư,crane xuống,sương nhẹ,lãng mạn
scn_607,runner,ánh vàng xiên,khu dân cư,crane xuống,gió nhẹ,năng động
scn_608,leather,ánh vàng xiên,khu dân cư,crane xuống,gió nhẹ,mạnh mẽ
scn_609,casual,ánh vàng xiên,khu dân cư,crane xuống,gió nhẹ,lãng mạn
scn_610,sandals,ánh vàng xiên,khu dân cư,crane xuống,nắng dịu,năng động
scn_611,sneaker,ánh vàng xiên,khu dân cư,crane xuống,nắng dịu,mạnh mẽ
scn_612,runner,ánh vàng xiên,khu dân cư,crane xuống,nắng dịu,lãng mạn
scn_613,leather,ánh vàng xiên,khu dân cư,pan ngang,sương nhẹ,năng động
scn_614,casual,ánh vàng xiên,khu dân cư,pan ngang,sương nhẹ,mạnh mẽ
scn_615,sandals,ánh vàng xiên,khu dân cư,pan ngang,sương nhẹ,lãng mạn
scn_616,sneaker,ánh vàng xiên,khu dân cư,pan ngang,gió nhẹ,năng động
scn_617,runner,ánh vàng xiên,khu dân cư,pan ngang,gió nhẹ,mạnh mẽ
scn_618,leather,ánh vàng xiên,khu dân cư,pan ngang,gió nhẹ,lãng mạn
scn_619,casual,ánh vàng xiên,khu dân cư,pan ngang,nắng dịu,năng động
scn_620,sandals,ánh vàng xiên,khu dân cư,pan ngang,nắng dịu,mạnh mẽ
scn_621,sneaker,ánh vàng xiên,khu dân cư,pan ngang,nắng dịu,lãng mạn
scn_622,runner,ánh vàng xiên,khu dân cư,wide dolly,sương nhẹ,năng động
scn_623,leather,ánh vàng xiên,khu dân cư,wide dolly,sương nhẹ,mạnh mẽ
scn_624,casual,ánh vàng xiên,khu dân cư,wide dolly,sương nhẹ,lãng mạn
scn_625,sandals,ánh vàng xiên,khu dân cư,wide dolly,gió nhẹ,năng động
scn_626,sneaker,ánh vàng xiên,khu dân cư,wide dolly,gió nhẹ,mạnh mẽ
scn_627,runner,ánh vàng xiên,khu dân cư,wide dolly,gió nhẹ,lãng mạn
scn_628,leather,ánh vàng xiên,khu dân cư,wide dolly,nắng dịu,năng động
scn_629,casual,ánh vàng xiên,khu dân cư,wide dolly,nắng dịu,mạnh mẽ
scn_630,sandals,ánh vàng xiên,khu dân cư,wide dolly,nắng dịu,lãng mạn
scn_631,sneaker,ánh vàng xiên,hồ nước,orbit chậm,sương nhẹ,năng động
scn_632,runner,ánh vàng xiên,hồ nước,orbit chậm,sương nhẹ,mạnh mẽ
scn_633,leather,ánh vàng xiên,hồ nước,orbit chậm,sương nhẹ,lãng mạn
scn_634,casual,ánh vàng xiên,hồ nước,orbit chậm,gió nhẹ,năng động
scn_635,sandals,ánh vàng xiên,hồ nước,orbit chậm,gió nhẹ,mạnh mẽ
scn_636,sneaker,ánh vàng xiên,hồ nước,orbit chậm,gió nhẹ,lãng mạn
scn_637,runner,ánh vàng xiên,hồ nước,orbit chậm,nắng dịu,năng động
scn_638,leather,ánh vàng xiên,hồ nước,orbit chậm,nắng dịu,mạnh mẽ
scn_639,casual,ánh vàng xiên,hồ nước,orbit chậm,nắng dịu,lãng mạn
scn_640,sandals,ánh vàng xiên,hồ nước,tracking nhanh,sương nhẹ,năng động
scn_641,sneaker,ánh vàng xiên,hồ nước,tracking nhanh,sương nhẹ,mạnh mẽ
scn_642,runner,ánh vàng xiên,hồ nước,tracking nhanh,sương nhẹ,lãng mạn
scn_643,leather,ánh vàng xiên,hồ nước,tracking nhanh,gió nhẹ,năng động
scn_644,casual,ánh vàng xiên,hồ nước,tracking nhanh,gió nhẹ,mạnh mẽ
scn_645,sandals,ánh vàng xiên,hồ nước,tracking nhanh,gió nhẹ,lãng mạn
scn_646,sneaker,ánh vàng xiên,hồ nước,tracking nhanh,nắng dịu,năng động
scn_647,runner,ánh vàng xiên,hồ nước,tracking nhanh,nắng dịu,mạnh mẽ
scn_648,leather,ánh vàng xiên,hồ nước,tracking nhanh,nắng dịu,lãng mạn
scn_649,casual,ánh vàng xiên,hồ nước,crane xuống,sương nhẹ,năng động
scn_650,sandals,ánh vàng xiên,hồ nước,crane xuống,sương nhẹ,mạnh mẽ
scn_651,sneaker,ánh vàng xiên,hồ nước,crane xuống,sương nhẹ,lãng mạn
scn_652,runner,ánh vàng xiên,hồ nước,crane xuống,gió nhẹ,năng động
scn_653,leather,ánh vàng xiên,hồ nước,crane xuống,gió nhẹ,mạnh mẽ
scn_654,casual,ánh vàng xiên,hồ nước,crane xuống,gió nhẹ,lãng mạn
scn_655,sandals,ánh vàng xiên,hồ nước,crane xuống,nắng dịu,năng động
scn_656,sneaker,ánh vàng xiên,hồ nước,crane xuống,nắng dịu,mạnh mẽ
scn_657,runner,ánh vàng xiên,hồ nước,crane xuống,nắng dịu,lãng mạn
scn_658,leather,ánh vàng xiên,hồ nước,pan ngang,sương nhẹ,năng động
scn_659,casual,ánh vàng xiên,hồ nước,pan ngang,sương nhẹ,mạnh mẽ
scn_660,sandals,ánh vàng xiên,hồ nước,pan ngang,sương nhẹ,lãng mạn
scn_661,sneaker,ánh vàng xiên,hồ nước,pan ngang,gió nhẹ,năng động
scn_662,runner,ánh vàng xiên,hồ nước,pan ngang,gió nhẹ,mạnh mẽ
scn_663,leather,ánh vàng xiên,hồ nước,pan ngang,gió nhẹ,lãng mạn
scn_664,casual,ánh vàng xiên,hồ nước,pan ngang,nắng dịu,năng động
scn_665,sandals,ánh vàng xiên,hồ nước,pan ngang,nắng dịu,mạnh mẽ
scn_666,sneaker,ánh vàng xiên,hồ nước,pan ngang,nắng dịu,lãng mạn
scn_667,runner,ánh vàng xiên,hồ nước,wide dolly,sương nhẹ,năng động
scn_668,leather,ánh vàng xiên,hồ nước,wide dolly,sương nhẹ,mạnh mẽ
scn_669,casual,ánh vàng xiên,hồ nước,wide dolly,sương nhẹ,lãng mạn
scn_670,sandals,ánh vàng xiên,hồ nước,wide dolly,gió nhẹ,năng động
scn_671,sneaker,ánh vàng xiên,hồ nước,wide dolly,gió nhẹ,mạnh mẽ
scn_672,runner,ánh vàng xiên,hồ nước,wide dolly,gió nhẹ,lãng mạn
scn_673,leather,ánh vàng xiên,hồ nước,wide dolly,nắng dịu,năng động
scn_674,casual,ánh vàng xiên,hồ nước,wide dolly,nắng dịu,mạnh mẽ
scn_675,sandals,ánh vàng xiên,hồ nước,wide dolly,nắng dịu,lãng mạn
scn_676,sneaker,ánh vàng xiên,lối dạo bộ,orbit chậm,sương nhẹ,năng động
scn_677,runner,ánh vàng xiên,lối dạo bộ,orbit chậm,sương nhẹ,mạnh mẽ
scn_678,leather,ánh vàng xiên,lối dạo bộ,orbit chậm,sương nhẹ,lãng mạn
scn_679,casual,ánh vàng xiên,lối dạo bộ,orbit chậm,gió nhẹ,năng động
scn_680,sandals,ánh vàng xiên,lối dạo bộ,orbit chậm,gió nhẹ,mạnh mẽ
scn_681,sneaker,ánh vàng xiên,lối dạo bộ,orbit chậm,gió nhẹ,lãng mạn
scn_682,runner,ánh vàng xiên,lối dạo bộ,orbit chậm,nắng dịu,năng động
scn_683,leather,ánh vàng xiên,lối dạo bộ,orbit chậm,nắng dịu,mạnh mẽ
scn_684,casual,ánh vàng xiên,lối dạo bộ,orbit chậm,nắng dịu,lãng mạn
scn_685,sandals,ánh vàng xiên,lối dạo bộ,tracking nhanh,sương nhẹ,năng động
scn_686,sneaker,ánh vàng xiên,lối dạo bộ,tracking nhanh,sương nhẹ,mạnh mẽ
scn_687,runner,ánh vàng xiên,lối dạo bộ,tracking nhanh,sương nhẹ,lãng mạn
scn_688,leather,ánh vàng xiên,lối dạo bộ,tracking nhanh,gió nhẹ,năng động
scn_689,casual,ánh vàng xiên,lối dạo bộ,tracking nhanh,gió nhẹ,mạnh mẽ
scn_690,sandals,ánh vàng xiên,lối dạo bộ,tracking nhanh,gió nhẹ,lãng mạn
scn_691,sneaker,ánh vàng xiên,lối dạo bộ,tracking nhanh,nắng dịu,năng động
scn_692,runner,ánh vàng xiên,lối dạo bộ,tracking nhanh,nắng dịu,mạnh mẽ
scn_693,leather,ánh vàng xiên,lối dạo bộ,tracking nhanh,nắng dịu,lãng mạn
scn_694,casual,ánh vàng xiên,lối dạo bộ,crane xuống,sương nhẹ,năng động
scn_695,sandals,ánh vàng xiên,lối dạo bộ,crane xuống,sương nhẹ,mạnh mẽ
scn_696,sneaker,ánh vàng xiên,lối dạo bộ,crane xuống,sương nhẹ,lãng mạn
scn_697,runner,ánh vàng xiên,lối dạo bộ,crane xuống,gió nhẹ,năng động
scn_698,leather,ánh vàng xiên,lối dạo bộ,crane xuống,gió nhẹ,mạnh mẽ
scn_699,casual,ánh vàng xiên,lối dạo bộ,crane xuống,gió nhẹ,lãng mạn
scn_700,sandals,ánh vàng xiên,lối dạo bộ,crane xuống,nắng dịu,năng động
scn_701,sneaker,ánh vàng xiên,lối dạo bộ,crane xuống,nắng dịu,mạnh mẽ
scn_702,runner,ánh vàng xiên,lối dạo bộ,crane xuống,nắng dịu,lãng mạn
scn_703,leather,ánh vàng xiên,lối dạo bộ,pan ngang,sương nhẹ,năng động
scn_704,casual,ánh vàng xiên,lối dạo bộ,pan ngang,sương nhẹ,mạnh mẽ
scn_705,sandals,ánh vàng xiên,lối dạo bộ,pan ngang,sương nhẹ,lãng mạn
scn_706,sneaker,ánh vàng xiên,lối dạo bộ,pan ngang,gió nhẹ,năng động
scn_707,runner,ánh vàng xiên,lối dạo bộ,pan ngang,gió nhẹ,mạnh mẽ
scn_708,leather,ánh vàng xiên,lối dạo bộ,pan ngang,gió nhẹ,lãng mạn
scn_709,casual,ánh vàng xiên,lối dạo bộ,pan ngang,nắng dịu,năng động
scn_710,sandals,ánh vàng xiên,lối dạo bộ,pan ngang,nắng dịu,mạnh mẽ
scn_711,sneaker,ánh vàng xiên,lối dạo bộ,pan ngang,nắng dịu,lãng mạn
scn_712,runner,ánh vàng xiên,lối dạo bộ,wide dolly,sương nhẹ,năng động
scn_713,leather,ánh vàng xiên,lối dạo bộ,wide dolly,sương nhẹ,mạnh mẽ
scn_714,casual,ánh vàng xiên,lối dạo bộ,wide dolly,sương nhẹ,lãng mạn
scn_715,sandals,ánh vàng xiên,lối dạo bộ,wide dolly,gió nhẹ,năng động
scn_716,sneaker,ánh vàng xiên,lối dạo bộ,wide dolly,gió nhẹ,mạnh mẽ
scn_717,runner,ánh vàng xiên,lối dạo bộ,wide dolly,gió nhẹ,lãng mạn
scn_718,leather,ánh vàng xiên,lối dạo bộ,wide dolly,nắng dịu,năng động
scn_719,casual,ánh vàng xiên,lối dạo bộ,wide dolly,nắng dịu,mạnh mẽ
scn_720,sandals,ánh vàng xiên,lối dạo bộ,wide dolly,nắng dịu,lãng mạn
scn_721,sneaker,ánh vàng xiên,bậc thềm,orbit chậm,sương nhẹ,năng động
scn_722,runner,ánh vàng xiên,bậc thềm,orbit chậm,sương nhẹ,mạnh mẽ
scn_723,leather,ánh vàng xiên,bậc thềm,orbit chậm,sương nhẹ,lãng mạn
scn_724,casual,ánh vàng xiên,bậc thềm,orbit chậm,gió nhẹ,năng động
scn_725,sandals,ánh vàng xiên,bậc thềm,orbit chậm,gió nhẹ,mạnh mẽ
scn_726,sneaker,ánh vàng xiên,bậc thềm,orbit chậm,gió nhẹ,lãng mạn
scn_727,runner,ánh vàng xiên,bậc thềm,orbit chậm,nắng dịu,năng động
scn_728,leather,ánh vàng xiên,bậc thềm,orbit chậm,nắng dịu,mạnh mẽ
scn_729,casual,ánh vàng xiên,bậc thềm,orbit chậm,nắng dịu,lãng mạn
scn_730,sandals,ánh vàng xiên,bậc thềm,tracking nhanh,sương nhẹ,năng động
scn_731,sneaker,ánh vàng xiên,bậc thềm,tracking nhanh,sương nhẹ,mạnh mẽ
scn_732,runner,ánh vàng xiên,bậc thềm,tracking nhanh,sương nhẹ,lãng mạn
scn_733,leather,ánh vàng xiên,bậc thềm,tracking nhanh,gió nhẹ,năng động
scn_734,casual,ánh vàng xiên,bậc thềm,tracking nhanh,gió nhẹ,mạnh mẽ
scn_735,sandals,ánh vàng xiên,bậc thềm,tracking nhanh,gió nhẹ,lãng mạn
scn_736,sneaker,ánh vàng xiên,bậc thềm,tracking nhanh,nắng dịu,năng động
scn_737,runner,ánh vàng xiên,bậc thềm,tracking nhanh,nắng dịu,mạnh mẽ
scn_738,leather,ánh vàng xiên,bậc thềm,tracking nhanh,nắng dịu,lãng mạn
scn_739,casual,ánh vàng xiên,bậc thềm,crane xuống,sương nhẹ,năng động
scn_740,sandals,ánh vàng xiên,bậc thềm,crane xuống,sương nhẹ,mạnh mẽ
scn_741,sneaker,ánh vàng xiên,bậc thềm,crane xuống,sương nhẹ,lãng mạn
scn_742,runner,ánh vàng xiên,bậc thềm,crane xuống,gió nhẹ,năng động
scn_743,leather,ánh vàng xiên,bậc thềm,crane xuống,gió nhẹ,mạnh mẽ
scn_744,casual,ánh vàng xiên,bậc thềm,crane xuống,gió nhẹ,lãng mạn
scn_745,sandals,ánh vàng xiên,bậc thềm,crane xuống,nắng dịu,năng động
scn_746,sneaker,ánh vàng xiên,bậc thềm,crane xuống,nắng dịu,mạnh mẽ
scn_747,runner,ánh vàng xiên,bậc thềm,crane xuống,nắng dịu,lãng mạn
scn_748,leather,ánh vàng xiên,bậc thềm,pan ngang,sương nhẹ,năng động
scn_749,casual,ánh vàng xiên,bậc thềm,pan ngang,sương nhẹ,mạnh mẽ
scn_750,sandals,ánh vàng xiên,bậc thềm,pan ngang,sương nhẹ,lãng mạn
scn_751,sneaker,ánh vàng xiên,bậc thềm,pan ngang,gió nhẹ,năng động
scn_752,runner,ánh vàng xiên,bậc thềm,pan ngang,gió nhẹ,mạnh mẽ
scn_753,leather,ánh vàng xiên,bậc thềm,pan ngang,gió nhẹ,lãng mạn
scn_754,casual,ánh vàng xiên,bậc thềm,pan ngang,nắng dịu,năng động
scn_755,sandals,ánh vàng xiên,bậc thềm,pan ngang,nắng dịu,mạnh mẽ
scn_756,sneaker,ánh vàng xiên,bậc thềm,pan ngang,nắng dịu,lãng mạn
scn_757,runner,ánh vàng xiên,bậc thềm,wide dolly,sương nhẹ,năng động
scn_758,leather,ánh vàng xiên,bậc thềm,wide dolly,sương nhẹ,mạnh mẽ
scn_759,casual,ánh vàng xiên,bậc thềm,wide dolly,sương nhẹ,lãng mạn
scn_760,sandals,ánh vàng xiên,bậc thềm,wide dolly,gió nhẹ,năng động
scn_761,sneaker,ánh vàng xiên,bậc thềm,wide dolly,gió nhẹ,mạnh mẽ
scn_762,runner,ánh vàng xiên,bậc thềm,wide dolly,gió nhẹ,lãng mạn
scn_763,leather,ánh vàng xiên,bậc thềm,wide dolly,nắng dịu,năng động
scn_764,casual,ánh vàng xiên,bậc thềm,wide dolly,nắng dịu,mạnh mẽ
scn_765,sandals,ánh vàng xiên,bậc thềm,wide dolly,nắng dịu,lãng mạn
scn_766,sneaker,ánh vàng xiên,sân gạch,orbit chậm,sương nhẹ,năng động
scn_767,runner,ánh vàng xiên,sân gạch,orbit chậm,sương nhẹ,mạnh mẽ
scn_768,leather,ánh vàng xiên,sân gạch,orbit chậm,sương nhẹ,lãng mạn
scn_769,casual,ánh vàng xiên,sân gạch,orbit chậm,gió nhẹ,năng động
scn_770,sandals,ánh vàng xiên,sân gạch,orbit chậm,gió nhẹ,mạnh mẽ
scn_771,sneaker,ánh vàng xiên,sân gạch,orbit chậm,gió nhẹ,lãng mạn
scn_772,runner,ánh vàng xiên,sân gạch,orbit chậm,nắng dịu,năng động
scn_773,leather,ánh vàng xiên,sân gạch,orbit chậm,nắng dịu,mạnh mẽ
scn_774,casual,ánh vàng xiên,sân gạch,orbit chậm,nắng dịu,lãng mạn
scn_775,sandals,ánh vàng xiên,sân gạch,tracking nhanh,sương nhẹ,năng động
scn_776,sneaker,ánh vàng xiên,sân gạch,tracking nhanh,sương nhẹ,mạnh mẽ
scn_777,runner,ánh vàng xiên,sân gạch,tracking nhanh,sương nhẹ,lãng mạn
scn_778,leather,ánh vàng xiên,sân gạch,tracking nhanh,gió nhẹ,năng động
scn_779,casual,ánh vàng xiên,sân gạch,tracking nhanh,gió nhẹ,mạnh mẽ
scn_780,sandals,ánh vàng xiên,sân gạch,tracking nhanh,gió nhẹ,lãng mạn
scn_781,sneaker,ánh vàng xiên,sân gạch,tracking nhanh,nắng dịu,năng động
scn_782,runner,ánh vàng xiên,sân gạch,tracking nhanh,nắng dịu,mạnh mẽ
scn_783,leather,ánh vàng xiên,sân gạch,tracking nhanh,nắng dịu,lãng mạn
scn_784,casual,ánh vàng xiên,sân gạch,crane xuống,sương nhẹ,năng động
scn_785,sandals,ánh vàng xiên,sân gạch,crane xuống,sương nhẹ,mạnh mẽ
scn_786,sneaker,ánh vàng xiên,sân gạch,crane xuống,sương nhẹ,lãng mạn
scn_787,runner,ánh vàng xiên,sân gạch,crane xuống,gió nhẹ,năng động
scn_788,leather,ánh vàng xiên,sân gạch,crane xuống,gió nhẹ,mạnh mẽ
scn_789,casual,ánh vàng xiên,sân gạch,crane xuống,gió nhẹ,lãng mạn
scn_790,sandals,ánh vàng xiên,sân gạch,crane xuống,nắng dịu,năng động
scn_791,sneaker,ánh vàng xiên,sân gạch,crane xuống,nắng dịu,mạnh mẽ
scn_792,runner,ánh vàng xiên,sân gạch,crane xuống,nắng dịu,lãng mạn
scn_793,leather,ánh vàng xiên,sân gạch,pan ngang,sương nhẹ,năng động
scn_794,casual,ánh vàng xiên,sân gạch,pan ngang,sương nhẹ,mạnh mẽ
scn_795,sandals,ánh vàng xiên,sân gạch,pan ngang,sương nhẹ,lãng mạn
scn_796,sneaker,ánh vàng xiên,sân gạch,pan ngang,gió nhẹ,năng động
scn_797,runner,ánh vàng xiên,sân gạch,pan ngang,gió nhẹ,mạnh mẽ
scn_798,leather,ánh vàng xiên,sân gạch,pan ngang,gió nhẹ,lãng mạn
scn_799,casual,ánh vàng xiên,sân gạch,pan ngang,nắng dịu,năng động
scn_800,sandals,ánh vàng xiên,sân gạch,pan ngang,nắng dịu,mạnh mẽ
scn_801,sneaker,ánh vàng xiên,sân gạch,pan ngang,nắng dịu,lãng mạn
scn_802,runner,ánh vàng xiên,sân gạch,wide dolly,sương nhẹ,năng động
scn_803,leather,ánh vàng xiên,sân gạch,wide dolly,sương nhẹ,mạnh mẽ
scn_804,casual,ánh vàng xiên,sân gạch,wide dolly,sương nhẹ,lãng mạn
scn_805,sandals,ánh vàng xiên,sân gạch,wide dolly,gió nhẹ,năng động
scn_806,sneaker,ánh vàng xiên,sân gạch,wide dolly,gió nhẹ,mạnh mẽ
scn_807,runner,ánh vàng xiên,sân gạch,wide dolly,gió nhẹ,lãng mạn
scn_808,leather,ánh vàng xiên,sân gạch,wide dolly,nắng dịu,năng động
scn_809,casual,ánh vàng xiên,sân gạch,wide dolly,nắng dịu,mạnh mẽ
scn_810,sandals,ánh vàng xiên,sân gạch,wide dolly,nắng dịu,lãng mạn
scn_811,sneaker,ánh vàng xiên,đường ven sông,orbit chậm,sương nhẹ,năng động
scn_812,runner,ánh vàng xiên,đường ven sông,orbit chậm,sương nhẹ,mạnh mẽ
scn_813,leather,ánh vàng xiên,đường ven sông,orbit chậm,sương nhẹ,lãng mạn
scn_814,casual,ánh vàng xiên,đường ven sông,orbit chậm,gió nhẹ,năng động
scn_815,sandals,ánh vàng xiên,đường ven sông,orbit chậm,gió nhẹ,mạnh mẽ
scn_816,sneaker,ánh vàng xiên,đường ven sông,orbit chậm,gió nhẹ,lãng mạn
scn_817,runner,ánh vàng xiên,đường ven sông,orbit chậm,nắng dịu,năng động
scn_818,leather,ánh vàng xiên,đường ven sông,orbit chậm,nắng dịu,mạnh mẽ
scn_819,casual,ánh vàng xiên,đường ven sông,orbit chậm,nắng dịu,lãng mạn
scn_820,sandals,ánh vàng xiên,đường ven sông,tracking nhanh,sương nhẹ,năng động
scn_821,sneaker,ánh vàng xiên,đường ven sông,tracking nhanh,sương nhẹ,mạnh mẽ
scn_822,runner,ánh vàng xiên,đường ven sông,tracking nhanh,sương nhẹ,lãng mạn
scn_823,leather,ánh vàng xiên,đường ven sông,tracking nhanh,gió nhẹ,năng động
scn_824,casual,ánh vàng xiên,đường ven sông,tracking nhanh,gió nhẹ,mạnh mẽ
scn_825,sandals,ánh vàng xiên,đường ven sông,tracking nhanh,gió nhẹ,lãng mạn
scn_826,sneaker,ánh vàng xiên,đường ven sông,tracking nhanh,nắng dịu,năng động
scn_827,runner,ánh vàng xiên,đường ven sông,tracking nhanh,nắng dịu,mạnh mẽ
scn_828,leather,ánh vàng xiên,đường ven sông,tracking nhanh,nắng dịu,lãng mạn
scn_829,casual,ánh vàng xiên,đường ven sông,crane xuống,sương nhẹ,năng động
scn_830,sandals,ánh vàng xiên,đường ven sông,crane xuống,sương nhẹ,mạnh mẽ
scn_831,sneaker,ánh vàng xiên,đường ven sông,crane xuống,sương nhẹ,lãng mạn
scn_832,runner,ánh vàng xiên,đường ven sông,crane xuống,gió nhẹ,năng động
scn_833,leather,ánh vàng xiên,đường ven sông,crane xuống,gió nhẹ,mạnh mẽ
scn_834,casual,ánh vàng xiên,đường ven sông,crane xuống,gió nhẹ,lãng mạn
scn_835,sandals,ánh vàng xiên,đường ven sông,crane xuống,nắng dịu,năng động
scn_836,sneaker,ánh vàng xiên,đường ven sông,crane xuống,nắng dịu,mạnh mẽ
scn_837,runner,ánh vàng xiên,đường ven sông,crane xuống,nắng dịu,lãng mạn
scn_838,leather,ánh vàng xiên,đường ven sông,pan ngang,sương nhẹ,năng động
scn_839,casual,ánh vàng xiên,đường ven sông,pan ngang,sương nhẹ,mạnh mẽ
scn_840,sandals,ánh vàng xiên,đường ven sông,pan ngang,sương nhẹ,lãng mạn
scn_841,sneaker,ánh vàng xiên,đường ven sông,pan ngang,gió nhẹ,năng động
scn_842,runner,ánh vàng xiên,đường ven sông,pan ngang,gió nhẹ,mạnh mẽ
scn_843,leather,ánh vàng xiên,đường ven sông,pan ngang,gió nhẹ,lãng mạn
scn_844,casual,ánh vàng xiên,đường ven sông,pan ngang,nắng dịu,năng động
scn_845,sandals,ánh vàng xiên,đường ven sông,pan ngang,nắng dịu,mạnh mẽ
scn_846,sneaker,ánh vàng xiên,đường ven sông,pan ngang,nắng dịu,lãng mạn
scn_847,runner,ánh vàng xiên,đường ven sông,wide dolly,sương nhẹ,năng động
scn_848,leather,ánh vàng xiên,đường ven sông,wide dolly,sương nhẹ,mạnh mẽ
scn_849,casual,ánh vàng xiên,đường ven sông,wide dolly,sương nhẹ,lãng mạn
scn_850,sandals,ánh vàng xiên,đường ven sông,wide dolly,gió nhẹ,năng động
scn_851,sneaker,ánh vàng xiên,đường ven sông,wide dolly,gió nhẹ,mạnh mẽ
scn_852,runner,ánh vàng xiên,đường ven sông,wide dolly,gió nhẹ,lãng mạn
scn_853,leather,ánh vàng xiên,đường ven sông,wide dolly,nắng dịu,năng động
scn_854,casual,ánh vàng xiên,đường ven sông,wide dolly,nắng dịu,mạnh mẽ
scn_855,sandals,ánh vàng xiên,đường ven sông,wide dolly,nắng dịu,lãng mạn
scn_856,sneaker,ánh vàng xiên,khu phố tối,orbit chậm,sương nhẹ,năng động
scn_857,runner,ánh vàng xiên,khu phố tối,orbit chậm,sương nhẹ,mạnh mẽ
scn_858,leather,ánh vàng xiên,khu phố tối,orbit chậm,sương nhẹ,lãng mạn
scn_859,casual,ánh vàng xiên,khu phố tối,orbit chậm,gió nhẹ,năng động
scn_860,sandals,ánh vàng xiên,khu phố tối,orbit chậm,gió nhẹ,mạnh mẽ
scn_861,sneaker,ánh vàng xiên,khu phố tối,orbit chậm,gió nhẹ,lãng mạn
scn_862,runner,ánh vàng xiên,khu phố tối,orbit chậm,nắng dịu,năng động
scn_863,leather,ánh vàng xiên,khu phố tối,orbit chậm,nắng dịu,mạnh mẽ
scn_864,casual,ánh vàng xiên,khu phố tối,orbit chậm,nắng dịu,lãng mạn
scn_865,sandals,ánh vàng xiên,khu phố tối,tracking nhanh,sương nhẹ,năng động
scn_866,sneaker,ánh vàng xiên,khu phố tối,tracking nhanh,sương nhẹ,mạnh mẽ
scn_867,runner,ánh vàng xiên,khu phố tối,tracking nhanh,sương nhẹ,lãng mạn
scn_868,leather,ánh vàng xiên,khu phố tối,tracking nhanh,gió nhẹ,năng động
scn_869,casual,ánh vàng xiên,khu phố tối,tracking nhanh,gió nhẹ,mạnh mẽ
scn_870,sandals,ánh vàng xiên,khu phố tối,tracking nhanh,gió nhẹ,lãng mạn
scn_871,sneaker,ánh vàng xiên,khu phố tối,tracking nhanh,nắng dịu,năng động
scn_872,runner,ánh vàng xiên,khu phố tối,tracking nhanh,nắng dịu,mạnh mẽ
scn_873,leather,ánh vàng xiên,khu phố tối,tracking nhanh,nắng dịu,lãng mạn
scn_874,casual,ánh vàng xiên,khu phố tối,crane xuống,sương nhẹ,năng động
scn_875,sandals,ánh vàng xiên,khu phố tối,crane xuống,sương nhẹ,mạnh mẽ
scn_876,sneaker,ánh vàng xiên,khu phố tối,crane xuống,sương nhẹ,lãng mạn
scn_877,runner,ánh vàng xiên,khu phố tối,crane xuống,gió nhẹ,năng động
scn_878,leather,ánh vàng xiên,khu phố tối,crane xuống,gió nhẹ,mạnh mẽ
scn_879,casual,ánh vàng xiên,khu phố tối,crane xuống,gió nhẹ,lãng mạn
scn_880,sandals,ánh vàng xiên,khu phố tối,crane xuống,nắng dịu,năng động
scn_881,sneaker,ánh vàng xiên,khu phố tối,crane xuống,nắng dịu,mạnh mẽ
scn_882,runner,ánh vàng xiên,khu phố tối,crane xuống,nắng dịu,lãng mạn
scn_883,leather,ánh vàng xiên,khu phố tối,pan ngang,sương nhẹ,năng động
scn_884,casual,ánh vàng xiên,khu phố tối,pan ngang,sương nhẹ,mạnh mẽ
scn_885,sandals,ánh vàng xiên,khu phố tối,pan ngang,sương nhẹ,lãng mạn
scn_886,sneaker,ánh vàng xiên,khu phố tối,pan ngang,gió nhẹ,năng động
scn_887,runner,ánh vàng xiên,khu phố tối,pan ngang,gió nhẹ,mạnh mẽ
scn_888,leather,ánh vàng xiên,khu phố tối,pan ngang,gió nhẹ,lãng mạn
scn_889,casual,ánh vàng xiên,khu phố tối,pan ngang,nắng dịu,năng động
scn_890,sandals,ánh vàng xiên,khu phố tối,pan ngang,nắng dịu,mạnh mẽ
scn_891,sneaker,ánh vàng xiên,khu phố tối,pan ngang,nắng dịu,lãng mạn
scn_892,runner,ánh vàng xiên,khu phố tối,wide dolly,sương nhẹ,năng động
scn_893,leather,ánh vàng xiên,khu phố tối,wide dolly,sương nhẹ,mạnh mẽ
scn_894,casual,ánh vàng xiên,khu phố tối,wide dolly,sương nhẹ,lãng mạn
scn_895,sandals,ánh vàng xiên,khu phố tối,wide dolly,gió nhẹ,năng động
scn_896,sneaker,ánh vàng xiên,khu phố tối,wide dolly,gió nhẹ,mạnh mẽ
scn_897,runner,ánh vàng xiên,khu phố tối,wide dolly,gió nhẹ,lãng mạn
scn_898,leather,ánh vàng xiên,khu phố tối,wide dolly,nắng dịu,năng động
scn_899,casual,ánh vàng xiên,khu phố tối,wide dolly,nắng dịu,mạnh mẽ
scn_900,sandals,ánh vàng xiên,khu phố tối,wide dolly,nắng dịu,lãng mạn
